IndexCol,TBE01AUG08.R2,TBE01OCT07.R1,TBE29JUN07.R1,TBE02FEB08.R2,TBE30APR08.R2,TBE06NOV07.R2,TBE14NOV07.R1,TBE14NOV07.R2,TBE19AUG08.R1,TBE15JUL08.R2,TBE09AUG07.R2,TBE15AUG08.R1,TBE17SEP07.R2,TBE10NOV07.R1,TBE31JUL07.R2,TBE24SEP07.R1,TBE04OCT08.R2,TBE21AUG08.R2,TBE29MAY08.R1,TBE05NOV07.R2,TBE17SEP07.R1,TBE29OCT07.R2,TBE17NOV07.R2,TBE25JUL07.R1,TBE10NOV07.R2,TBE11NOV07.R1,TBE19JUN08.R2,TBE02FEB08.R1,TBE31AUG08.R2,TBE27JUN07.R1,TBE12AUG08.R1,TBE06NOV07.R1,TBE22MAY08.R2,TBE04OCT08.R1,TBE05JAN08.R2,TBE04JUL08.R2,TBE15NOV07.R2,TBE27AUG07.R2,TBE15AUG08.R2,TBE16NOV07.R2,TBE26MAY08.R2,TBE31AUG08.R1,TBE26MAY08.R1,TBE04JUL08.R1,TBE16OCT07.R1,TBE10OCT08.R2,TBE21JUN07.R1,TBE10SEP07.R2,TBE02AUG07.R2,TBE01AUG08.R1,TBE13JUN08.R2,TBE30APR08.R1,TBE27AUG07.R1,TBE29JUL08.R2,TBE27JUL07.R2,TBE20SEP08.R2,TBE20AUG07.R1,TBE24JUN08.R2,TBE18JUL07.R1,TBE12JUL07.R2,TBE24SEP07.R2,TBE19JUN07.R2,TBE27JUN07.R2,TBE12AUG08.R2,TBE09SEP08.R1,TBE29JUL08.R1,TBE16OCT07.R2,TBE08AUG08.R2,TBE09AUG07.R1,TBE20AUG07.R2,TBE23AUG07.R2,TBE25AUG08.R1,TBE16JUL07.R2,TBE09SEP08.R2,TBE25JUL07.R2,TBE08AUG08.R1,TBE15NOV07.R1,TBE22OCT07.R2,TBE09NOV07.R1,TBE05AUG08.R2,TBE09NOV07.R2,TBE11NOV07.R2,TBE19JUN07.R1,TBE18NOV07.R2,TBE02JUL07.R1,TBE02JUL07.R2,TBE29JUN07.R2,TBE10JUL07.R2,TBE22MAY08.R1,TBE29OCT07.R1,TBE16JUL07.R1,TBE28SEP08.R1,TBE19AUG08.R2,TBE25AUG08.R2,TBE19JUN08.R1,TBE02AUG07.R1,TBE05JUL07.R2,TBE20SEP08.R1,TBE05JUL07.R1,TBE27JUL07.R1,TBE01OCT07.R2,TBE31JUL07.R1,TBE23AUG07.R1,TBE07NOV07.R2,TBE28SEP08.R2,TBE21JUN07.R2,TBE18JUL07.R2,TBE22OCT07.R1,TBE18NOV07.R1,TBE13JUN08.R1,TBE10OCT08.R1,TBE05AUG08.R1,TBE08NOV07.R2,TBE10JUL07.R1,TBE05JAN08.R1,TBE07NOV07.R1,TBE24JUN08.R1,TBE08NOV07.R1,TBE16NOV07.R1,TBE21AUG08.R1,TBE29MAY08.R2,TBE12JUL07.R1,TBE10SEP07.R1,TBE05NOV07.R1,TBE17NOV07.R1,TBE15JUL08.R1
1,0.14504596527068436,0.004506690702350413,0.010967016697282922,0.0,0.0,0.0010969798772753761,0.0,0.0,0.09811706468208044,0.012287712287712287,0.0497148288973384,0.09974003599501607,0.0,0.0,0.14014103982300885,0.0022788906360383765,0.026343094304819,0.09803921568627451,0.004752066115702479,0.0016299918500407497,0.0,0.0017586058226871496,0.0,0.17843461429896368,0.0,0.0,0.0015748031496062992,0.0,0.0633314054366686,0.011796641978618587,0.14627185158758474,0.0,0.002585385766770989,0.03213325056900476,0.0,0.009624197983501375,0.0,0.0018443095366172289,0.0849862021386685,0.0,0.0029925590423811065,0.07922798037961186,0.004976848206129713,0.013834361562908955,0.0019636078020683337,0.04471439648487981,0.003030971012895404,0.0,0.09432736359850062,0.16713936815567634,0.007062733693394266,0.0,0.0015801587028958126,0.09618048683950128,0.15042399696240982,0.019636481661798117,0.1097181729834791,0.0013537906137184115,0.1587171913948763,0.08312080362254723,0.0023879408984627632,0.0010251153254741158,0.010415149308084487,0.11602023608768972,0.038370533953781844,0.11187410586552217,0.0020149683362118594,0.16879174256223436,0.04718091832730127,0.11082024432809773,0.028073711488626547,0.08175631583853826,0.15902155784792144,0.02936646472943834,0.1743882691615689,0.1847046007945662,0.0,0.0013564431047475508,0.0,0.18437873147432746,0.001171303074670571,0.0,0.0,0.0,0.04246157200479669,0.03848870056497175,0.010885756846568121,0.11319587628865979,0.003149522233491699,0.0014942676800206106,0.16211567045777175,0.030212105535437146,0.08184476277058404,0.0669260700389105,0.0017014036580178648,0.09527430822099622,0.051023051023051026,0.027170490328385064,0.043348281016442454,0.14653297556842254,0.0056031128404669265,0.14171172851016223,0.027493438320209975,0.0,0.024008632317237658,0.0018456995201181247,0.1637304250559284,0.0019165247018739352,0.0,0.00790190735694823,0.04801244047040529,0.2047870516425485,0.0,0.11775918177591818,0.0,0.0,0.001727447216890595,0.0,0.0,0.11407199625993455,0.0026816840976133013,0.08417192958104888,0.0,0.0014365752047119666,0.0,0.013612167300380227
4,0.0494836000453978,0.04749358663246204,0.11282318427329806,0.16683647478349464,0.07235240413877055,0.10602996126289808,0.13043478260869565,0.13178503915743991,0.044408214294765117,0.07147852147852148,0.06007604562737642,0.036271900813733486,0.019435518215958805,0.13019911504424778,0.01963495575221239,0.02643513137804517,0.025824302513258013,0.031718569780853516,0.052169421487603305,0.11287693561532193,0.020978256910805987,0.07178515509768772,0.11770499876877616,0.01491995644985685,0.13455274367326484,0.15007112375533427,0.06771653543307087,0.16774450303452393,0.038172353961827644,0.09604879520091156,0.026519205613033656,0.10612763554216867,0.05252415294597904,0.02840885578315746,0.1611855460820138,0.0692025664527956,0.11213320314507426,0.02220856067009913,0.039323904794756816,0.0846629762292413,0.05516014234875445,0.042759650245254854,0.05153242826093804,0.06767620115909516,0.04045032072260767,0.062031532695787026,0.08464675410558802,0.021502568120484025,0.021690962099125365,0.04329157803513748,0.08246780224345658,0.07081720547347763,0.021847411631342104,0.032060162279833763,0.016137197823060372,0.07002596559558585,0.037220602526724975,0.09927797833935018,0.0329499989526383,0.058866392546713164,0.02313317745385802,0.07739620707329574,0.0930080116533139,0.03541315345699832,0.061282435523306256,0.02453505007153076,0.03929188255613126,0.031105506515342583,0.05507347490515851,0.04101221640488656,0.020011517420097897,0.04745035890742985,0.03792698746062141,0.060478488551185955,0.016237855343648796,0.026640394719979494,0.11052456365625149,0.08153730218538056,0.1096128170894526,0.03020299220341364,0.10395314787701318,0.15195922268238293,0.07209600792560737,0.12364810330912025,0.11495693884225444,0.11452448210922787,0.11710782628623811,0.06123711340206186,0.047242833502375486,0.06977199536261755,0.03798898853761322,0.042834971546818416,0.048428708322071794,0.054474708171206226,0.07039557635048915,0.021235839784197953,0.05801605801605802,0.06864597390913181,0.0542715879038749,0.012371134020618556,0.04638132295719844,0.021971533345764186,0.01988188976377953,0.1231157894736842,0.045049905584030214,0.09179278946720808,0.036539895600298286,0.0817717206132879,0.12177951955874881,0.0855975087582717,0.056370881523957625,0.02569553985780582,0.09804727646454266,0.05839144583914459,0.16121794871794873,0.12144063317735927,0.08675623800383878,0.09203909289306386,0.09780350252300386,0.024777933613838243,0.04290694556181282,0.05931478011428043,0.024191039203484754,0.11427955753483694,0.10619469026548672,0.07157794676806084
5,0.04744069912609238,0.00998405324828399,0.004688399638088449,0.0489047376464595,0.051202069385270846,0.07006958966096466,0.05973719268499455,0.0578584931136916,0.05651340187026415,0.05859140859140859,0.036692015209125475,0.05485394330015844,0.06562391110766967,0.05929203539823009,0.011407632743362832,0.044871356623595635,0.05320498040119898,0.058439061899269514,0.062396694214876036,0.061532192339038304,0.06717776887496814,0.048628287458304026,0.05072642206353115,0.0091737570063309,0.0623903783512904,0.04523470839260313,0.05196850393700787,0.05133817530593971,0.05118565644881434,0.006199939676262609,0.045189677726245686,0.07145770582329317,0.0545652469723772,0.05063107800537968,0.08120178643930166,0.04949587534372136,0.05313736574335783,0.05248597556289864,0.060969299758537425,0.04623901009443178,0.05580718214170172,0.0509703561526978,0.05531231297445428,0.05141147878108058,0.02598507658070428,0.044972861204445595,0.008100958889011352,0.017149821537390093,0.0226905456059975,0.0434097534073899,0.0603448275862069,0.05004633920296571,0.05300401909930954,0.030872748862062142,0.006771294772813568,0.05533917559234015,0.039941690962099125,0.04151624548736462,0.009803305473512222,0.02014261177327851,0.04696283766976767,0.015530497180932855,0.007137654770575382,0.043170320404721754,0.06739490496095907,0.029470672389127324,0.026338514680483593,0.03923217037971136,0.04024767801857585,0.04472076788830716,0.04319032536711777,0.05556073459494733,0.01564024955216505,0.07403224150323442,0.009940626124505218,0.0331923619120851,0.05718837684881343,0.047776940467219295,0.058878504672897194,0.030694668820678513,0.057979502196193265,0.046193055113093344,0.013734717312498593,0.06513317191283292,0.014063011010574512,0.014948210922787194,0.0041824223673656465,0.0222680412371134,0.055036566486948164,0.04837305165528791,0.015787920793181576,0.049042938437661665,0.06216368952554117,0.055771725032425425,0.05338153977031051,0.02336659803281511,0.03289303289303289,0.05668016194331984,0.028630562262849258,0.005564185849456292,0.010272373540856031,0.013642861582447634,0.04179790026246719,0.06790175438596491,0.052872943080658215,0.007259751445797958,0.009554436987322893,0.04471890971039182,0.06480876696422092,0.05998442973919813,0.051900087472057536,0.021992090162997507,0.0526207605344296,0.0198047419804742,0.07564102564102564,0.0706137128272555,0.04568138195777351,0.05465414175918019,0.05090531314930247,0.05696921124691111,0.05041566103513006,0.01988340620445555,0.020729620410703174,0.06421491165062491,0.05525300658044021,0.0564828897338403
6,0.04585177618885484,0.10996325313735007,0.04929674005428673,0.004839531329597555,0.0,0.08707277775873298,0.019952767348916073,0.018768566027545234,0.07939752827781954,0.03996003996003996,0.07623574144486692,0.06480641141995723,0.036431917611986525,0.07748893805309734,0.1281111725663717,0.027323898726100134,0.018330643301821537,0.042483660130718956,0.0011363636363636363,0.15623471882640586,0.03918854936810285,0.12710749052622025,0.01354346220142822,0.1193596515988548,0.07090954647957905,0.03897581792318634,0.02204724409448819,0.006566510794945777,0.05639097744360902,0.1468547873588257,0.04863836365798549,0.09626004016064257,0.0,0.020629008897165322,0.006902151847340642,0.02383134738771769,0.016958733747880157,0.09352186275263198,0.059072093825457056,0.02149137088896125,0.0,0.06579227980379612,0.0,0.0267339689661619,0.1237727451237073,0.041612819850090466,0.3833351702854624,0.06520414381474711,0.11022074135776759,0.05412432049160955,0.02773161611965102,0.0,0.10563017416097008,0.16287354047100733,0.13688140741678267,0.01777020447906524,0.10136054421768707,0.023465703971119134,0.09202119860072477,0.11286628845052829,0.026615591264116212,0.4236801640184521,0.1337946103423161,0.042495784148397976,0.04996450824197492,0.20522174535050072,0.1125503742084053,0.053990939236840875,0.08677451707146906,0.08660558464223386,0.10970342643247913,0.054628507504428075,0.1025758230897523,0.03758086045795256,0.10952680820439006,0.0652793797257465,0.019998097683930186,0.08590806330067823,0.06034712950600801,0.08899346772494206,0.05651537335285505,0.03536158012105766,0.4516020084209578,0.030347054075867637,0.04104436934481631,0.04437382297551789,0.045777472212673316,0.2004123711340206,0.0,0.14023959809352055,0.11007565509294052,0.029591308846352818,0.06933831298066291,0.0443579766536965,0.026584432156529135,0.12170431962808584,0.21652421652421652,0.02384165542060279,0.24410716338967461,0.14673068775596668,0.10614785992217898,0.1390701721673193,0.11601049868766404,0.09611228070175439,0.02724575128135959,0.3503137689184201,0.08356636838180462,0.09348381601362862,0.03069888961463096,0.03834176722460101,0.04772086694528137,0.10454244107628649,0.06927029804727647,0.21729428172942816,0.008493589743589743,0.10662954226123722,0.028406909788867563,0.07372615997722744,0.0213713268032057,0.043478260869565216,0.0,0.1199366136905175,0.07125077784691973,0.16653498060623473,0.019174041297935103,0.05638783269961977
7,0.04585177618885484,0.0,0.0,0.024707080998471728,0.003956177723676202,0.015049192691371567,0.003966331597432481,0.004523359438293276,0.07194688247070849,0.07002997002997002,0.008555133079847909,0.0209509452537341,0.09253165047040149,0.00331858407079646,0.003733407079646018,0.10473781363232379,0.07297671201291216,0.015763168012302962,0.016322314049586777,0.01980440097799511,0.09272680919255563,0.013512900224647711,0.002462447672986949,0.0021775071575466753,0.004885993485342019,0.004694167852062589,0.03464566929133858,0.023181772957914636,0.045401966454598035,0.0,0.027232726840290166,0.013773845381526104,0.006803646754660498,0.06335609352369129,0.022330491270807957,0.03162236480293309,0.003288966545043425,0.14085914085914086,0.02664711969644705,0.0022793878215564964,0.007926237463604012,0.030710172744721688,0.0074652723091945695,0.04393344550383249,0.0663044901165074,0.06539157405014216,0.0,0.009488987551144773,0.00997917534360683,0.039037264634050266,0.03043207312006647,0.002535026985771139,0.13761121225653533,0.007322382742924995,0.0,0.09225900681596884,0.05383867832847425,0.030685920577617327,0.0033306101929240243,0.007468901264768646,0.10362668523954033,0.0,0.0,0.040134907251264756,0.07516365643978232,0.0050786838340486406,0.0690846286701209,0.03460837887067395,0.00658439802904112,0.05388307155322862,0.06982435934350706,0.05444206208632423,0.009969732534436964,0.08265735701817435,0.0019341489744512414,0.028578751762142765,0.0026632424977409996,0.06179351921627732,0.006275033377837116,0.0010535927512818712,0.005856515373352855,0.003822873526600828,0.0,0.001694915254237288,0.0,0.0,0.0,0.006907216494845361,0.008007259915656862,0.013005281463351797,0.010115180564601879,0.16647697878944645,0.08253274036217106,0.0622568093385214,0.031475967673330496,0.009692439036638998,0.006993006993006993,0.0855300644774329,0.005634126710359894,0.0,0.0,0.003729256013425322,0.06404199475065617,0.012491228070175438,0.16266522794712707,0.0,0.0037285607755406414,0.05728279386712096,0.0021409391102402207,0.030284157259634098,0.06132763145106424,0.0010058752257504058,0.0067831449126413155,0.005299860529986053,0.02403846153846154,0.012800185622027147,0.03205374280230326,0.007970395673213778,0.002226179875333927,0.01375809790957056,0.012872083668543845,0.006893839498461609,0.009023024268823895,0.01641287171383422,0.0026094849103698663,0.0626615969581749
8,0.04267393031437975,0.0,0.01159762015737669,0.2524197656647988,0.14888922702373705,0.05892838778238662,0.1389427152718905,0.14278963002970566,0.061733922401777344,0.09085914085914086,0.019581749049429657,0.03356458336538018,0.034225095822525066,0.0978429203539823,0.012168141592920354,0.034114992821494494,0.03723772192759972,0.03556324490580546,0.10537190082644628,0.05264873675631622,0.0336708307535419,0.021103269872245797,0.1356808667815809,0.0064720351627081734,0.09559007767476822,0.11536273115220484,0.09238845144356955,0.25529798030046763,0.05118565644881434,0.010020443044337947,0.033892258294684265,0.05926832329317269,0.16029391753980132,0.03325056900475895,0.19813235891189607,0.06278643446379469,0.1287322061770903,0.030431107354184278,0.038590893411521214,0.14946271572777597,0.14145907473309607,0.048837705267647684,0.1416826786783003,0.05963731538605347,0.019963345987694725,0.07702248643060222,0.0,0.008705493166187864,0.01977509371095377,0.034507208697707396,0.12152056501869547,0.13656435697541297,0.030469581944969255,0.020779734811003363,0.003796987723073029,0.0798442064264849,0.02944606413994169,0.10243682310469314,0.006912587192861182,0.013116119294227867,0.033431172578478684,0.016504356740133265,0.01391114348142753,0.04047217537942664,0.08644214843441912,0.015736766809728183,0.015256188831318365,0.035168838447526975,0.018445035538307245,0.031631762652705064,0.024330549956809673,0.05994220192038781,0.01321885230712212,0.09241195194578498,0.00593738754947823,0.028498654363706268,0.12621867123222524,0.0239638281838734,0.07650200267022697,0.011027604130083584,0.08257686676427525,0.12742911755336095,0.01652669263503929,0.1380952380952381,0.016406846179003596,0.020951035781544256,0.01077116993239372,0.011649484536082473,0.1555543692948273,0.02046631456910988,0.012759490288424604,0.06145887221934816,0.06759379837342441,0.06147859922178988,0.08358145470012761,0.017110634420713554,0.015799015799015798,0.07320437846753636,0.020351845463953088,0.003445840982912018,0.00575875486381323,0.010006836969357946,0.02952755905511811,0.07578947368421053,0.06447261936876181,0.0,0.0068046234153616705,0.02434696195343555,0.13469772842731692,0.12024133904242897,0.07697541063271456,0.008069862606588483,0.05714285714285714,0.009762900976290097,0.20288461538461539,0.07048480864173659,0.1199616122840691,0.059872853211879684,0.14217868803799347,0.026915113871635612,0.11182622687047465,0.011948550674347051,0.0075451151213441195,0.051070248527510416,0.14204674381665533,0.09431558935361217
9,0.023947338554080128,0.006170699577064411,0.05154497847722973,0.0,0.0,0.0056220218710363035,0.0035121714908562434,0.0031731028895490144,0.004088563005262758,0.014835164835164835,0.021102661596958176,0.014690273654417082,0.012273026443145301,0.0045353982300884955,0.023783185840707963,0.012579476310931838,0.014699100760894628,0.006343713956170703,0.0,0.004319478402607987,0.013020359106967258,0.005343892532165468,0.004678650578675204,0.016916004677607968,0.003006765221748935,0.0015647226173541964,0.023622047244094488,0.0,0.01098901098901099,0.041857971111632426,0.016529908431442503,0.004737700803212851,0.0,0.01425615559693772,0.00243605359317905,0.0307057745187901,0.003288966545043425,0.018904172750326596,0.015996895481200413,0.0035818951481602084,0.0,0.007357645553422905,0.0,0.03252944475602917,0.009425317449928002,0.022486430602222798,0.045299239501818585,0.017410986332375727,0.018875468554768845,0.021271567005436066,0.015267968425425842,0.0010630758327427356,0.020301604204596202,0.022362952701365527,0.01714972788254651,0.011441090555014606,0.01652089407191448,0.012184115523465704,0.03269863214562517,0.05277676573153594,0.013581413860006965,0.04823167606355715,0.043408594319009466,0.0178752107925801,0.007216657465099772,0.021244635193133046,0.0063327576280944155,0.0258745504647144,0.020581694501373565,0.014179755671902269,0.017420097898070832,0.005500139834063578,0.031712891469516336,0.007906355888694937,0.019296509535804245,0.02157823913879277,0.003043705711704,0.012207987942727958,0.00520694259012016,0.0210016155088853,0.004685212298682284,0.002867155144950621,0.04518947155112242,0.004116222760290557,0.05319960754387877,0.056732580037664786,0.05282456743439899,0.039690721649484534,0.0,0.005544248357593714,0.03009502814102243,0.012519399896533886,0.0038821592668124524,0.007782101167315175,0.01999149298170991,0.017476522200779127,0.04480704480704481,0.01142600089968511,0.040588708750143726,0.01530857223555995,0.007937743190661479,0.021909379078873765,0.015616797900262467,0.00704561403508772,0.01240895602913407,0.04909560723514212,0.03444258016405667,0.010434412265758091,0.0030844038028884535,0.015920591669910472,0.02099329380892215,0.020071782913837644,0.005549845837615622,0.03737796373779637,0.002403846153846154,0.006032715882284698,0.013435700575815739,0.004934054464370434,0.003561887800534283,0.007546917785346958,0.0018771788683293108,0.04704235778564323,0.019407280647168637,0.005782215198965666,0.0034036759700476512,0.014562737642585552
10,0.023152877085461356,0.006517368092629827,0.06009925150111041,0.006113092205807438,0.011488131466828972,0.029515614822940593,0.01362480319728715,0.014852822036186876,0.012029160577467288,0.023376623376623377,0.051901140684410645,0.013182790075220354,0.031243950598164854,0.020464601769911505,0.03837112831858407,0.01850459196463162,0.028591192068249942,0.02364475201845444,0.03605371900826446,0.022982885085574573,0.02751575190297556,0.025199119562504254,0.015759665107116475,0.020222589620549215,0.02292658481583563,0.006258890469416785,0.01784776902887139,0.005770570092528107,0.021399652978600348,0.0750360266764972,0.01569746699964324,0.02682605421686747,0.03646754660498027,0.024705152079453757,0.014210312626877792,0.043538038496791935,0.013053085975641091,0.037654653039268425,0.0169454984477406,0.015955714750895474,0.043917825946295695,0.016314779270633396,0.04164172992723722,0.040568330529070856,0.03154863201989789,0.018609459808736108,0.0710349388294941,0.03499608252807521,0.04094960433152853,0.021035216260931223,0.016618196925633568,0.008886223627541842,0.03417951976915942,0.023946170591727687,0.020820149348183773,0.020366764037650115,0.05267249757045676,0.018050541516245487,0.030960011730450994,0.039894862853276425,0.020148251330779562,0.05315222962583291,0.0809905316824472,0.019898819561551432,0.014393879643505008,0.020243204577968528,0.03425446171560161,0.01816823128298538,0.04914315615052545,0.05824607329842932,0.050100777425856606,0.012771511140113732,0.024535178207424794,0.015093952151144882,0.022220223101835194,0.015026271946687172,0.013316212488704997,0.021703089675960813,0.027369826435246995,0.016997963054014187,0.03074670571010249,0.00669002867155145,0.05108864521649067,0.016142050040355124,0.057015153166902866,0.06202919020715631,0.06061647759825828,0.024845360824742268,0.03149522233491699,0.023362102280046374,0.022668693042960292,0.024831867563372995,0.013341851151133935,0.017380025940337225,0.02126754572522331,0.03897063571208219,0.03341103341103341,0.018443544759334234,0.030700241462573302,0.020590312102810336,0.007003891050583658,0.036577786065013364,0.04665354330708661,0.026610526315789473,0.02185055300782304,0.0803494524424757,0.03327740492170023,0.021081771720613287,0.01625662239640032,0.01549240949785909,0.014578676256195938,0.013465011544704296,0.030421377183967112,0.022268712226871223,0.014423076923076924,0.027082769377521687,0.01362763915547025,0.026947528228484677,0.012466607301869992,0.01743137647765979,0.03888441941539287,0.03729150762255072,0.03321406347230865,0.021297227409854905,0.017245291581574767,0.021653992395437263
12,0.012597889002383384,0.0011093392498093323,0.0,0.006622516556291391,0.01704199634814364,0.016214733810976656,0.013019256388518833,0.012692411558196058,0.00726480203414457,0.013736263736263736,0.0,0.0070144133889153805,0.010569514886368037,0.017809734513274337,0.0,0.008135639570657004,0.00697486741987549,0.0044213763936947325,0.04183884297520661,0.014995925020374898,0.010980806351750009,0.010029726111325422,0.02166953952228515,0.0,0.01904284640440992,0.007823613086770981,0.014698162729658792,0.008755347726594368,0.006362058993637941,0.0,0.007016292068022357,0.017523217871485943,0.061368893727037695,0.007241878750258638,0.020300446609825416,0.025664527956003668,0.014748959350429107,0.0,0.008020006898930666,0.015955714750895474,0.06365253963118732,0.005224994668372787,0.06466752764040697,0.02935128061319873,0.010996203691582667,0.008270871026104937,0.0,0.0022634282232088447,0.0,0.011108484991727724,0.02129206481096801,0.015864362427083903,0.0,0.002770631308133782,0.0,0.007870821161960402,0.0024295432458697765,0.013086642599277979,0.0,0.0,0.008009551763593852,0.0,0.0,0.006745362563237774,0.007926492625601389,0.002575107296137339,0.009067357512953367,0.00663210499276073,0.0,0.0013089005235602095,0.0030233227756982436,0.006432366924582828,0.0,0.0059554369031728106,0.0,0.0062475970780469054,0.01576544442859181,0.011605124340617935,0.016421895861148197,0.001685748402050994,0.01493411420204978,0.006052883083784644,0.0,0.021549636803874093,0.0,0.0,0.0,0.0,0.06816847274862542,0.010238309931727425,0.0,0.01314019658561821,0.007813459790166835,0.0031128404669260703,0.018290089323692044,0.0,0.0,0.007167491378017694,0.0,0.0,0.0014007782101167316,0.0,0.0,0.02094035087719298,0.015376315079579175,0.0,0.0,0.012279954571266325,0.0214456782059656,0.019968859478396262,0.00962192632908932,0.002126054454426994,0.013771839671120247,0.0,0.023878205128205127,0.020431313404746253,0.01708253358925144,0.020400417496916217,0.017957850994360345,0.0037400654511453952,0.039420756234915526,0.0,0.0010112009956440573,0.01508403964947565,0.024166099387338325,0.013593155893536121
13,0.01237090001134945,0.004298689593011162,0.0031804348422120473,0.0455934793683138,0.12340231284236153,0.11000651331802132,0.21194138306891122,0.20469889278963002,0.014428234737580144,0.03961038961038961,0.006273764258555133,0.009183343844698426,0.028030508343335012,0.17428097345132743,0.00732853982300885,0.02796198810419088,0.1552340327415264,0.0038446751249519417,0.11105371900826447,0.10855745721271394,0.02769785482754853,0.17995643195897343,0.19650332430435855,0.010766563167869673,0.16950638937609622,0.20995732574679943,0.11653543307086614,0.0444731867475873,0.009832272990167727,0.0023794363081872717,0.008800095136163635,0.11233998493975904,0.1024629201251871,0.15495551417339126,0.04628501827040195,0.05912007332722273,0.2122411223598335,0.02843310535618228,0.010908934115212142,0.20286551611852816,0.06818181818181818,0.013329068031563232,0.06721894982203043,0.06991961114226958,0.09065322686215473,0.021969501163091237,0.009919541496748594,0.001741098633237573,0.019291961682632235,0.012014496178996296,0.11186123805567096,0.11824674262661505,0.026072618597780907,0.006134969325153374,0.0,0.015173644920480364,0.011078717201166181,0.056407942238267145,0.010934456105071325,0.03461198147087909,0.02636684742052634,0.01389031266017427,0.0026948288419519303,0.01045531197301855,0.02153166653521571,0.006580829756795422,0.09499136442141623,0.009294287982812573,0.006802424453843806,0.012652705061082025,0.018139936654189462,0.015754637829775334,0.026178269195132498,0.021665468733956257,0.012009715725080965,0.008474304754581571,0.21077662053550197,0.0560663149962321,0.14299065420560747,0.0063215565076912275,0.146705710102489,0.19974514176489327,0.012586404881453628,0.16238902340597255,0.00501471710454595,0.0049435028248587575,0.0024063251976624267,0.011443298969072166,0.09453904873752202,0.1808321525183563,0.026214851556802556,0.020486290739782722,0.016093761517482003,0.017120622568093387,0.1337728626116546,0.018502442839002202,0.030044030044030043,0.017034038086669666,0.03196504541796022,0.0,0.003735408560311284,0.006992355025172478,0.01673228346456693,0.10458947368421052,0.024008632317237658,0.010212870677986957,0.011232289336316183,0.05785065303804657,0.16133246244284782,0.11459711950175165,0.024978131985615708,0.005395148938115813,0.1512846865364851,0.008972570897257089,0.04503205128205128,0.10613970635626539,0.0600767754318618,0.14982446152386375,0.20940932027307807,0.004541508047819409,0.10217216411906678,0.034353529044347283,0.0017501555693839451,0.10738399655221952,0.18686181075561606,0.04241444866920152
14,0.010668482578594938,0.007834708451778409,0.046911413922627695,0.006877228731533368,0.005782105903834449,0.025127695313839085,0.00796294053530338,0.008169052119902782,0.002627155154208094,0.009140859140859142,0.00494296577946768,0.004737805534618284,0.027101320221456504,0.01415929203539823,0.004563053097345133,0.03429730407237757,0.009511182845284759,0.0030757400999615533,0.012603305785123966,0.021271393643031784,0.024201478675747533,0.024699902425741452,0.012804727899532135,0.0028025323601758136,0.0170383362565773,0.007254623044096728,0.01732283464566929,0.008357377375385534,0.008097165991902834,0.038607191930024466,0.004875728386252824,0.02442582831325301,0.008164376105592598,0.007676391475274157,0.016240357287860333,0.014207149404216315,0.011203042294054165,0.021363252132482902,0.004915488099344602,0.011071312276131553,0.011404076350695567,0.006931115376412882,0.01033168488361105,0.014769115722564966,0.017410655845005892,0.016541742052209873,0.02832580182960432,0.05127535474884652,0.004381507705122865,0.010675175293468842,0.01132114665558787,0.005342637518399389,0.021297791212943562,0.009697209578468237,0.0024680420199974687,0.011846802986043492,0.004761904761904762,0.00631768953068592,0.011688556526110727,0.023473689689272888,0.03641609870155714,0.028754484879548948,0.03758193736343773,0.00505902192242833,0.008872939506270211,0.00844062947067239,0.019286125503742084,0.008547008547008548,0.005276239480225003,0.0058900523560209425,0.008926000575871005,0.004101799198284702,0.012699981468898634,0.007495636102269227,0.00310363440086362,0.006696142509291298,0.011080991106672374,0.030444611906556143,0.02857142857142857,0.009974011378801714,0.03191800878477306,0.007645747053201656,0.025713192083399006,0.005488297013720743,0.0470402267524256,0.049670433145009414,0.05036094877964936,0.02381443298969072,0.008594458976138366,0.02274378461934819,0.012058052340631628,0.008277289187790998,0.0031941816752254354,0.0038910505836575876,0.017014036580178648,0.004304562118418504,0.030044030044030043,0.009386714649872544,0.025756007818788087,0.00268323683095608,0.0073151750972762645,0.0031698676114115232,0.008595800524934383,0.03065263157894737,0.01025087671971945,0.02903900578319183,0.012583892617449664,0.026973310618966496,0.004681036359677771,0.014908524717789024,0.015064632131402468,0.008641382621219395,0.02877697841726619,0.0198047419804742,0.01858974358974359,0.02674761849517254,0.0067178502879078695,0.027706613530695513,0.011130899376669634,0.0030721966205837174,0.013140252078305176,0.022057973026117936,0.051960174237710016,0.020435282287027727,0.010211027910142955,0.009524714828897338
16,0.00930654863239133,0.011925396935450323,0.0732048364543635,0.0015282730514518594,0.0,0.00473072572075006,0.001089984255782972,0.0017553335133675399,0.0,0.01053946053946054,0.0019961977186311788,0.0,0.005226683185566611,0.0018805309734513274,0.0023506637168141595,0.009411818326838494,0.003977403735300899,0.0,0.0,0.0034229828850855745,0.005244564227701497,0.007011731602713926,0.0014774686037921695,0.0031452881164563086,0.003382610874467552,0.0025604551920341396,0.01679790026246719,0.0015918814048353398,0.0,0.05268273065451255,0.0010702818408847663,0.00486320281124498,0.0,0.002793296089385475,0.0028420625253755584,0.011457378551787351,0.0013875327611901948,0.0022285406900791516,0.0013366678164884443,0.0016281341582546401,0.0,0.0,0.0,0.01065619742007852,0.006087184186411834,0.004135435513052468,0.05174694147470517,0.011839470706015496,0.002249062890462307,0.0068541715906405105,0.00519318653926049,0.0,0.0020267252928446292,0.009301405105877696,0.003037590178458423,0.0019474196689386564,0.0,0.004963898916967509,0.02149186199962295,0.042106906781866446,0.009701009900004975,0.0415684264479754,0.057902403495994174,0.0016863406408094434,0.0,0.00765379113018598,0.007340241796200345,0.004156741861659895,0.0025291065277111588,0.0,0.0,0.0,0.0191364506763852,0.0014375192524899887,0.0030136739834472834,0.003155837498398052,0.0015694107575973748,0.007837226827430294,0.0057409879839786385,0.0068132331249561,0.004685212298682284,0.001911436763300414,0.03757908720419697,0.0014527845036319612,0.06557287692139976,0.07038606403013183,0.07465337458462244,0.0365979381443299,0.0,0.00663145691098802,0.017819864054645355,0.0031039834454216243,0.0,0.0,0.013611229264142918,0.002152281059209252,0.038591038591038594,0.0024291497975708503,0.03047027710704841,0.003163395000706115,0.010739299610894941,0.002299707874945615,0.0,0.004687719298245614,0.0018883193957377933,0.05881629137443091,0.02185868754660701,0.008091993185689948,0.0012337615211553813,0.0036590112884390814,0.003498882301487025,0.00541800973870105,0.0057553956834532375,0.03351929335192934,0.0014423076923076924,0.004679221934336208,0.004222648752399232,0.0037954265110541796,0.0,0.0,0.0,0.04066902630300507,0.012912258867454885,0.0033759517310731216,0.0017018379850238256,0.01
18,0.008171603677221655,0.0,0.0,0.0369332654100866,0.022215459525258673,0.041685235336464295,0.045173791934116504,0.04624628679449096,0.008515023779555495,0.025124875124875126,0.005988593155893536,0.004660893107108247,0.037980564481784045,0.05669247787610619,0.002903761061946903,0.030833390305599236,0.015217892552455614,0.005574778931180315,0.028615702479338843,0.037163814180929094,0.038132352405579634,0.0489005877147201,0.03964540753508988,0.0027823702568651964,0.04911049862189927,0.04423897581792319,0.02152230971128609,0.045368620037807186,0.005205320994794679,0.0,0.006897371863479605,0.03888993473895582,0.019866648523608654,0.01266294227188082,0.04141291108404385,0.01695692025664528,0.04306490569916234,0.03219857066010912,0.005432907899275612,0.0325626831650928,0.01593335490132643,0.005758157389635317,0.018363939899833055,0.016451673209945783,0.037963084173321116,0.011630912380460066,0.0025901025019287997,0.0013058239749281796,0.00956268221574344,0.006735996218388088,0.012879102617366016,0.020934416398626178,0.03184363299096561,0.002374826835543242,0.0,0.012658227848101266,0.02555879494655005,0.02707581227436823,0.0027859821110622343,0.007755165773174413,0.03188896074822148,0.0035879036391594054,0.0,0.0060708263069139965,0.014827667797144886,0.0026466380543633764,0.03914795624640184,0.0058848255569567045,0.004883791915580168,0.025087260034904014,0.024042614454362222,0.009881607159504055,0.008376057817036259,0.011910873806345621,0.003193594818279957,0.004084967320261438,0.042706995767346746,0.0321024868123587,0.04819759679572764,0.0,0.050366032210834556,0.04332589996814272,0.0021164974219260125,0.06497175141242938,0.0012536792761364875,0.00211864406779661,0.0,0.004329896907216495,0.021833128703357713,0.04774442870024475,0.008539728665987496,0.011588204862907398,0.008182019214231308,0.008819714656290532,0.02062951935346661,0.009843098710783645,0.008806008806008805,0.015324636377267956,0.005289180177072554,0.0,0.0010894941634241246,0.002424016408726459,0.02257217847769029,0.04117894736842105,0.01132991637442676,0.002583979328165375,0.002889634601043997,0.029812606473594547,0.0671311415922781,0.013546126897625535,0.0108854116046263,0.0,0.0421377183967112,0.004137610413761041,0.047275641025641024,0.04139113397012001,0.03128598848368522,0.04497580415599203,0.028198278420896408,0.003940426100313898,0.029230356663984984,0.007634117565410508,0.0015945861854387057,0.037781927883924725,0.04004992058089403,0.024125475285171102
21,0.006582680739984111,0.0,0.025333808570723548,0.0,0.0011412051125989045,0.002159679133385897,0.0,0.0,0.0030157375885925715,0.006143856143856144,0.009695817490494297,0.008291159685581997,0.002322970304696272,0.0015486725663716814,0.0070519911504424776,0.0019826348533533876,0.0031703942817615863,0.009996155324875048,0.0,0.0,0.0021306042175037333,0.0014295763461843927,0.0,0.004375176418403968,0.0,0.0,0.0010498687664041995,0.0,0.006362058993637941,0.02285599383357351,0.005351409204423832,0.002447289156626506,0.0,0.004696875646596317,0.0020300446609825416,0.006416131989000917,0.0,0.006147698455390763,0.010262159365298378,0.0016281341582546401,0.0,0.0077841757304329285,0.0,0.0033651149747616375,0.0,0.0033600413543551306,0.021988316984459386,0.0033951423348132673,0.0064639733444398165,0.006657212636886473,0.0016618196925633569,0.0010085591233713134,0.0076603345814297,0.006134969325153374,0.00398683710922668,0.0086011035378124,0.0044703595724003885,0.0013537906137184115,0.008274157397515658,0.014313225420288346,0.0016417093676931497,0.01788826242952332,0.021995630007283322,0.005733558178752108,0.005126587270289455,0.005722460658082976,0.0,0.007893139040680024,0.009069899271791741,0.0032722513089005235,0.006190613302620213,0.0036356856530250768,0.007498919019087035,0.0056473970633535275,0.0041381792011514935,0.0066000256311675,0.001093831740143625,0.0,0.0014686248331108145,0.007375149258973098,0.0017569546120058566,0.0,0.01753990948596132,0.0013720742534301857,0.030905919546495148,0.027306967984934087,0.025094534204193882,0.010824742268041237,0.0011743981209630064,0.0014581991498132166,0.00721479032015632,0.0049663735126745994,0.0029730460207867517,0.004150453955901427,0.004678860059549128,0.006090955397562183,0.009842009842009843,0.009656620182935973,0.012763021731631597,0.003982488349103234,0.0,0.006930200758282056,0.00479002624671916,0.002554385964912281,0.004046398705152414,0.02079488125999754,0.00918158090976883,0.0012776831345826234,0.0016692067639161043,0.002452316076294278,0.00388764700165225,0.007018265779667604,0.0018499486125385406,0.011483031148303114,0.0017628205128205128,0.0022171519909251454,0.003071017274472169,0.002277255906632508,0.0011872959335114278,0.008882655446470314,0.0010726736390453205,0.013614176324982071,0.002955818294959552,0.0013647464444763683,0.0,0.0055893536121673
22,0.006469186244467144,0.0013173403591485821,0.027499794368436924,0.0,0.0028910529519172246,0.01114120187857804,0.0036938355334867386,0.002835538752362949,0.0014445129626031645,0.005444555444555445,0.009505703422053232,0.002368902767309142,0.014750861434821325,0.007356194690265487,0.008434734513274336,0.005788382215537477,0.014122665436937975,0.0034602076124567475,0.0022727272727272726,0.007416462917685412,0.013694139927887242,0.008078240940343552,0.006402363949766067,0.004475986934957055,0.008769731896767727,0.002844950213371266,0.006299212598425197,0.001193911053626505,0.0037593984962406013,0.02148195314856396,0.0030919253181115472,0.009710717871485943,0.0,0.012787088764742396,0.004060089321965083,0.008249312557286892,0.004984839919831441,0.014677630062245447,0.002630217316315971,0.005861282969716704,0.0,0.0053316272126252935,0.0011024663747755694,0.010095344924284913,0.004319937164550334,0.023261824760920133,0.018075608949630773,0.028118742926786802,0.006447313619325281,0.005869376821870323,0.0036352305774823433,0.00302567737011394,0.013259592593864862,0.007916089451810805,0.004050120237944564,0.012333657903278157,0.005053449951409135,0.0058664259927797835,0.009698569303923417,0.009941185655545724,0.007313069001542212,0.014812916453100974,0.023962126729788785,0.0026981450252951096,0.006309645871125483,0.005293276108726753,0.004605641911341394,0.003969922002708888,0.00954955740635765,0.0063263525305410125,0.006622516556291391,0.002050899599142351,0.006597072085984311,0.006468836636204949,0.005262684418855704,0.003235934896834551,0.004803348076282875,0.0046721929163526755,0.010814419225634178,0.004776287139144483,0.011127379209370425,0.0012742911755336094,0.015288316483912368,0.006053268765133172,0.02409244521966641,0.0227165725047081,0.027500859401856308,0.007422680412371134,0.0022954145091549673,0.00777534458327966,0.006496651468844464,0.010760475944128298,0.001326813926632104,0.0023346303501945525,0.007230965546575925,0.006169872369733189,0.013468013468013467,0.013075423601739392,0.014027825687018512,0.004095466741985595,0.0010894941634241246,0.007303126359624588,0.006102362204724409,0.01215438596491228,0.013487995683841382,0.020425741355973914,0.01057979120059657,0.005394662123793299,0.00772915305900283,0.004437524328532503,0.02254835260958305,0.0050750977299225015,0.010483042137718397,0.008321710832171083,0.0054487179487179484,0.011420910836974876,0.008253358925143953,0.010247651579846286,0.005936479667557139,0.0034061310358645563,0.0016090104585679806,0.009265042681657298,0.028235843186060983,0.007685677345209022,0.005445881552076242,0.005418250950570342
23,0.006469186244467144,0.006309366983290578,0.02390809640007677,0.006367804381049415,0.001978088861838101,0.002639607829693874,0.004087440959186145,0.00418579530110721,0.0032522660269135575,0.01078921078921079,0.012642585551330798,0.004414773339076128,0.013628092454218126,0.0025442477876106194,0.00995575221238938,0.01155397552471457,0.013892091307355315,0.004805843906189927,0.0024793388429752068,0.0028524857375713123,0.012692573842735914,0.0036760534616170097,0.004678650578675204,0.007157546675269164,0.002756201453269857,0.002275960170697013,0.013648293963254593,0.00706397373395682,0.004337767495662233,0.012835550789235563,0.003805446545368058,0.0030591114457831324,0.003810042182609879,0.013656114214773432,0.004060089321965083,0.006416131989000917,0.0034431368518423352,0.0076077768385460695,0.004570541566057261,0.0022793878215564964,0.004124878680038822,0.004585199402857752,0.002960909692254386,0.008225836604972891,0.005301741065584501,0.009046265184802274,0.026397002094125425,0.009750152346130409,0.007680133277800916,0.00653903726463405,0.0169297881179892,0.001771793054571226,0.006904606506131703,0.009499307342172967,0.010315149981015062,0.007302823758519961,0.00456754130223518,0.004061371841155234,0.008420788034939987,0.017774423567376255,0.012238197104621661,0.020399794976934907,0.014712308812818646,0.004047217537942664,0.005402634277151195,0.010228898426323319,0.004173862982153138,0.006118350380645463,0.013037980203200628,0.006762652705061082,0.004750935790382954,0.0030763493987135265,0.009487923898943727,0.0070849163158435155,0.007286793810723282,0.004950019223375624,0.003067484662576687,0.008440090429540317,0.0022696929238985313,0.007726346842733722,0.0026354319180087846,0.003822873526600828,0.019363699817620966,0.004035512510088781,0.022566226970456776,0.022010357815442562,0.02566746877506589,0.014948453608247423,0.002669086638552287,0.003478036841427283,0.009397041713290023,0.006001034661148474,0.0037347354971866632,0.0036316472114137485,0.014249255635899617,0.007518635166837653,0.011137011137011137,0.006027890238416554,0.012878003909394043,0.008445134867956504,0.006536964980544747,0.007303126359624588,0.004658792650918635,0.00423859649122807,0.004046398705152414,0.025593700012304665,0.007969798657718121,0.007666098807495741,0.0026852456636911244,0.016387699493966523,0.010982602779667606,0.006378163363280982,0.0024665981500513875,0.012784751278475127,0.004006410256410256,0.003699550124392539,0.003071017274472169,0.002277255906632508,0.0029682398337785693,0.0022039671408535366,0.0037543577366586215,0.01907372706873019,0.010345364032358431,0.003196379830484126,0.002496029044701611,0.011977186311787073
25,0.0060152082623992735,0.011717395826111072,0.002165985797713377,0.004330106979113602,0.0013694461351186854,0.008707277775873299,0.007932663194864962,0.006076154469349176,0.009157029540712458,0.001098901098901099,0.002946768060836502,0.005891491947268839,0.0012389174958380115,0.005752212389380531,0.010508849557522125,0.00230167954239876,0.00276688955499193,0.004805843906189927,0.0013429752066115702,0.007986960065199673,0.0013293513493826711,0.00731806939118201,0.004678650578675204,0.00856889390701238,0.006890503633174643,0.006258890469416785,0.0,0.003681225748681723,0.00578368999421631,0.001172961560374007,0.00784873349982162,0.006949673694779116,0.0013607293509320995,0.0022967101179391684,0.0032480714575720666,0.0036663611365719525,0.00395703787450537,0.0020748482286943827,0.006079682649189375,0.0026050146532074245,0.0021028793270786153,0.006291320110897846,0.002141934670992535,0.004673770798280052,0.005694462625998167,0.004652364952184027,0.0,0.001479933838251937,0.00849645980841316,0.006460253683132435,0.0014540922309929372,0.0,0.0020610765689945383,0.0033643380170195925,0.01012530059486141,0.0035702693930542034,0.001749271137026239,0.0013537906137184115,0.015228639058212362,0.0051787851975225105,0.002537187204616686,0.0010251153254741158,0.0,0.004047217537942664,0.00378578752267529,0.002932761087267525,0.005469199769717904,0.007239269534351502,0.002005843108184712,0.002617801047120419,0.005182839044054132,0.004567912743544327,0.015281981592439311,0.0029777184515864053,0.009490824037423533,0.006391772395232603,0.0050649165358824366,0.008440090429540317,0.007610146862483311,0.006742993608203976,0.007906295754026354,0.005734310289901242,0.0,0.0036319612590799033,0.005886841818380028,0.004001883239171375,0.0024063251976624267,0.009690721649484537,0.0026157049057812416,0.007069431920649233,0.014501951222227789,0.004552509053285049,0.008919138062360254,0.004669260700389105,0.0,0.007597552139008659,0.005439005439005439,0.0035687509371719896,0.006324019776934575,0.009461940403897754,0.012295719844357976,0.010845919572378643,0.003083989501312336,0.008814035087719298,0.0024278392230914487,0.0,0.014960850111856824,0.007311186825667234,0.004245591116917048,0.0014402491241728298,0.007872485178345805,0.006423884964451455,0.006166495375128468,0.010553231055323105,0.003044871794871795,0.008636580429766555,0.001343570057581574,0.010816965556504412,0.004600771742356783,0.005610098176718092,0.0,0.00549425127813635,0.0,0.006751903462146243,0.004424778761061947,0.0
30,0.005334241289297469,0.0,0.019987387930798125,0.0020376974019358125,0.0,0.001953995406396764,0.0019680271284970327,0.003105590062111801,0.0016725939566984008,0.001048951048951049,0.0011406844106463879,0.0019997231152609637,0.010375934027643346,0.0023783185840707964,0.0,0.002438412980561063,0.027726539082314965,0.00461361014994233,0.0,0.0013039934800325999,0.010379866700659213,0.0,0.00911105639005171,0.0,0.0011275369581558506,0.0025604551920341396,0.0010498687664041995,0.0016913739926375485,0.004626951995373048,0.028151077448976172,0.003210845522654299,0.0017570281124497991,0.0,0.02983654045106559,0.007714169711733658,0.01008249312557287,0.004573719101701013,0.0019211557673096135,0.0015953777164539496,0.008791924454575058,0.0,0.006397952655150352,0.0,0.006917180781454478,0.0,0.0051692943913155855,0.0,0.0033080874031513885,0.0012994585589337776,0.004845190262349326,0.0,0.0,0.0015458074267459035,0.009499307342172967,0.001012530059486141,0.004138266796494644,0.004275996112730806,0.005415162454873646,0.0,0.002107947743715193,0.002188945823590866,0.0,0.02898761835396941,0.0016863406408094434,0.002484423061755659,0.01094420600858369,0.0,0.0026154780253140907,0.0,0.004363001745200698,0.0024474517708033402,0.0025170131444019763,0.0,0.002258958825341411,0.0010795250089960418,0.003107779059336153,0.005160032339373187,0.0,0.002403204272363151,0.007585867809229472,0.00322108345534407,0.0022300095571838167,0.0,0.008797417271993542,0.008884770522184672,0.006826741996233522,0.0178182651541194,0.004536082474226804,0.0,0.0,0.0,0.007346094154164511,0.001769085235509472,0.0023346303501945525,0.0010633772862611655,0.0012554972845387302,0.006216006216006216,0.005458089668615985,0.006324019776934575,0.0010168055359412512,0.0,0.0,0.0024934383202099737,0.001431578947368421,0.0048556784461828975,0.0,0.0,0.0,0.009507221133609115,0.0,0.006608999902808825,0.006469606565621928,0.0036998972250770813,0.004370060437006044,0.007051282051282051,0.001662863993193859,0.005182341650671785,0.003510769522725116,0.005639655684179281,0.0044747211647632405,0.0,0.0021167325976820042,0.002528002489110143,0.0015802327251831633,0.0123666893578398,0.0018250950570342205
31,0.0052207467937805015,0.0027040144214102477,0.006059276725248814,0.006367804381049415,0.0013694461351186854,0.00908436460868671,0.0028460700012110937,0.0035781798541722927,0.003218476250010559,0.005844155844155844,0.03136882129277566,0.004430155824578136,0.012660188160594681,0.004037610619469027,0.01873617256637168,0.012921309906337594,0.006629006225501498,0.005574778931180315,0.00878099173553719,0.007171964140179299,0.011527115125468916,0.010494905716036215,0.0036936715094804235,0.006492197266018791,0.005888248559258331,0.005689900426742532,0.006299212598425197,0.006467018207143568,0.009832272990167727,0.0031167264318509333,0.0026162444999405397,0.008079191767068273,0.005306844468635189,0.006828057107386716,0.010150223304912708,0.006416131989000917,0.0041625982835705845,0.006762468300929839,0.005217316315971024,0.002930641484858352,0.008249757360077645,0.00565152484538281,0.008662235801808044,0.0061693774537296695,0.006348998560020945,0.0023261824760920135,0.004629119365149344,0.02237311743710281,0.020358184089962515,0.004136138028834791,0.014852513502285001,0.0016627596358283815,0.006938957782281612,0.002968533544429052,0.0058220478420453105,0.005598831548198637,0.005733722060252673,0.007671480144404332,0.003267768491170741,0.009759017332014782,0.01034774389333864,0.0035366478728856995,0.004078659868900218,0.0026981450252951096,0.005323763703762126,0.004005722460658083,0.007772020725388601,0.0032693475316426138,0.029389962063402084,0.005453752181500873,0.004031097034264325,0.004101799198284702,0.003718574340601643,0.005236677276927816,0.008411299028427492,0.003412149173394848,0.0037570742378846243,0.009495101733232855,0.006141522029372497,0.0063215565076912275,0.007613469985358712,0.005097164702134438,0.0032422939229504876,0.0033091202582728007,0.0068679821214433666,0.006591337099811676,0.005557465337458462,0.008041237113402062,0.0075802060534884965,0.009929151101378333,0.004047185619408676,0.005897568546301087,0.003833018010270523,0.0033722438391699094,0.009145044661846022,0.01906921018459397,0.006734006734006734,0.005128205128205128,0.008048752443371278,0.004999293885044485,0.0032684824902723736,0.014171172851016222,0.004330708661417323,0.00743859649122807,0.008362557323981657,0.004060538944259874,0.0031226696495152873,0.008233957978421351,0.004535887945424196,0.016037368625924486,0.002721352901156575,0.005120819331092975,0.010071942446043165,0.00497443049744305,0.011538461538461539,0.007231524807610503,0.004414587332053743,0.00948856627763545,0.0025230038587117838,0.004741868696987912,0.0026816840976133013,0.010282925023712032,0.019057249533291847,0.006859646602499641,0.004538234626730202,0.005988593155893536
38,0.00351832936102599,0.006101365873951328,0.0019192279220245113,0.03285787060621498,0.006847230675593427,0.025847588358301053,0.03357757054620322,0.033891439373480964,0.003514136797911792,0.011788211788211789,0.006844106463878327,0.002968819701887431,0.00832397692516164,0.02472345132743363,0.0011753318584070797,0.00683667190811513,0.005130274383214203,0.0013456362937331796,0.006818181818181818,0.020211898940505298,0.009123356521105729,0.03607978397512991,0.024870721497168184,0.0,0.026183913806063643,0.023613086770981506,0.006299212598425197,0.03273306138692667,0.004626951995373048,0.0,0.0024973242953977882,0.025288654618473894,0.004354333922982719,0.005379681357334989,0.02192448233861145,0.00458295142071494,0.02620895215581479,0.0,0.0034925836495343222,0.024096385542168676,0.0038822387576835974,0.0027724461505651524,0.0045043626169401834,0.007851934941110488,0.014857965702317058,0.005686223830447144,0.0,0.003482197266475146,0.0018492294877134527,0.0034270857953202553,0.004154549231408392,0.007087172218284904,0.0,0.002770631308133782,0.0015820782179470953,0.006815968841285297,0.001652089407191448,0.013537906137184115,0.0010264144619702969,0.007546973403424764,0.005422615790259191,0.0,0.0,0.004047217537942664,0.006112469437652812,0.0023605150214592273,0.015112262521588947,0.0027088879547895943,0.006976845593685954,0.001963350785340314,0.0010077742585660812,0.004101799198284702,0.0013836555685959602,0.006366156689598521,0.0,0.00261117518902986,0.027108003994863746,0.017483044461190655,0.023230974632843793,0.0016155088852988692,0.02342606149341142,0.0273972602739726,0.0,0.04083938660209847,0.0012536792761364875,0.001059322033898305,0.0021771513693136244,0.0,0.00565846367373085,0.036083988148911506,0.0013583401528689369,0.004138644593895499,0.004127865549522101,0.005706874189364461,0.004891535516801361,0.0018007418195384074,0.0,0.0052781526465736995,0.0,0.0014969637056912865,0.006070038910505836,0.0013052396046988625,0.0013123359580052493,0.022063157894736844,0.002967359050445104,0.0,0.0012117822520507084,0.018100511073253833,0.04136729806226867,0.0031919034643830284,0.004762367577024006,0.0010515968269208787,0.025077081192189106,0.0,0.02419871794871795,0.022906273766709204,0.01036468330134357,0.022962330391877787,0.024339566636984267,0.002070393374741201,0.008581389112362564,0.007992689754088879,0.0038503422526446796,0.021835943111621892,0.02314499659632403,0.0111787072243346
39,0.0034048348655090228,0.007626707342439159,0.006635045101856168,0.0,0.0,0.006479037400157691,0.004057163618747729,0.003915743991358358,0.0018837800623421384,0.0012987012987012987,0.0013307984790874524,0.0013844236951806672,0.008440125440396453,0.006415929203539823,0.0,0.03782958455823705,0.004150334332487895,0.0011534025374855825,0.0,0.0072534637326813365,0.00835852423789926,0.006512514465951122,0.0017237133710908644,0.0010685914754627202,0.005637684790779253,0.0025604551920341396,0.005774278215223097,0.0,0.010410641989589358,0.008914507858842454,0.0011892020454275182,0.007310491967871486,0.0,0.004510655907303952,0.0,0.001374885426214482,0.0029806259314456036,0.0,0.0012935494998275268,0.0019537609899055682,0.0,0.005864789933887823,0.0,0.0026173116470368293,0.0019636078020683337,0.001033858878263117,0.006668136228369889,0.0,0.0011828404831320284,0.0028756007248089497,0.0016618196925633569,0.0,0.0,0.010290916287354047,0.0012023794456397924,0.0,0.0,0.002256317689530686,0.0032258740233352184,0.006792276063082288,0.03576936470822347,0.010148641722193747,0.008958485069191552,0.0,0.001459105607697768,0.00944206008583691,0.002446747265400115,0.0011676241184437905,0.0013517638337766538,0.0,0.0,0.001678008762934651,0.003508555191796899,0.0012321593592771332,0.0013494062612450521,0.0014898116109188773,0.0025205687925048746,0.0024114544084400903,0.006008010680907877,0.004565568588888108,0.00322108345534407,0.004778591908251036,0.009704365838830973,0.0014527845036319612,0.014335549983647661,0.014006591337099812,0.005958519537068867,0.004432989690721649,0.0,0.006327450727811413,0.0036352299992762943,0.0,0.0017199439789675423,0.0010376134889753567,0.006805614632071459,0.0012770200951308227,0.011914011914011913,0.0,0.012533057376106703,0.0011580285270442027,0.007159533073929961,0.0,0.0,0.008056140350877193,0.0,0.00516795865633075,0.0022371364653243847,0.002768313458262351,0.0011974744175919877,0.001518100428182172,0.0,0.0035662848912968934,0.007810894141829393,0.00502092050209205,0.0,0.00782448406099746,0.0,0.007116424708226587,0.0025230038587117838,0.0,0.0016090104585679806,0.006488999930598931,0.0013612321095208464,0.007577934204855624,0.002382573179033356,0.00188212927756654
42,0.002950856883441153,0.0,0.0012063718367011213,0.003565970453387672,0.0012172854534388314,0.004627883857255493,0.0,0.0011477180664326223,0.0012417743011851764,0.004095904095904096,0.005038022813688213,0.002015105600762971,0.0037554686592589726,0.001825221238938053,0.0012444690265486725,0.005765593309177092,0.003919760202905234,0.004229142637447136,0.002066115702479339,0.0018744906275468623,0.004388680482208545,0.005287163312078786,0.0,0.0,0.0016286644951140066,0.0012802275960170698,0.0015748031496062992,0.003382747985275097,0.0014459224985540775,0.0,0.0,0.004298443775100401,0.0021771669614913595,0.0029795158286778397,0.007714169711733658,0.002749770852428964,0.0013361426589238912,0.0,0.002716453949637806,0.0013025073266037122,0.0018602394047233905,0.0012795905310300703,0.001448955806847891,0.0029912133108992334,0.004189029977745778,0.0012923235978288964,0.0,0.003743362061460782,0.0015993336109954186,0.0018120223745371465,0.0024927295388450354,0.0012266259608570028,0.0,0.0035622402533148625,0.0,0.003732554365465758,0.0018464528668610302,0.004061371841155234,0.0,0.0016655389579971894,0.0066663350082085465,0.0,0.0,0.002023608768971332,0.0020111996214212478,0.0019313304721030042,0.0051813471502590676,0.0029424127784783522,0.0054506606200671525,0.001963350785340314,0.001151742009789807,0.001771231471986576,0.0011736364197912164,0.0024643187185542665,0.0,0.002018454440599769,0.001521852855852,0.0046721929163526755,0.004005340453938585,0.0023179040528201167,0.003513909224011713,0.0015928639694170119,0.0,0.0016142050040355124,0.0016897416330535267,0.00211864406779661,0.0,0.0,0.001494688517589281,0.005585469534973592,0.0,0.003000517330574237,0.0017199439789675423,0.0038910505836575876,0.0036154827732879625,0.0018724845215120493,0.002072002072002072,0.0027590343379817065,0.0014947683109118087,0.0,0.0,0.0,0.0013123359580052493,0.0038736842105263156,0.003506878877798759,0.0,0.0,0.003620102214650767,0.0013789099354089556,0.0023355391202802647,0.0012634852755369812,0.0015316736392108452,0.00472764645426516,0.0,0.005608974358974359,0.0030034675225904584,0.0047984644913627635,0.003985197836606889,0.0011872959335114278,0.0026714753222467106,0.003218020917135961,0.0016424919610428666,0.0035003111387678903,0.002370349087774745,0.0017018379850238256,0.002984790874524715
45,0.0026103733968902507,0.01733342577827082,0.02593699448907411,0.0,0.0,0.007164649823454801,0.005207702555407533,0.004523359438293276,0.0019091223950193869,0.0035964035964035964,0.008555133079847909,0.0013536587241766524,0.003097293739595029,0.005254424778761062,0.011822455752212389,0.006996194252637816,0.003862116670509569,0.0044213763936947325,0.0,0.008231458842705786,0.0028408056233383107,0.0040277746261544395,0.002708692440285644,0.0073390056050647206,0.006514657980456026,0.004267425320056899,0.004724409448818898,0.0012934036414287136,0.007229612492770388,0.025302456516639298,0.0013081222499702698,0.006714357429718876,0.0,0.0038071591144216844,0.0,0.006416131989000917,0.0036486972609075493,0.017982017982017984,0.0015953777164539496,0.0022793878215564964,0.0,0.007037747920665387,0.0,0.006543279117592073,0.0015708862416546668,0.004135435513052468,0.006557919100628237,0.0032210324714895097,0.015660141607663474,0.0018120223745371465,0.004258412962193602,0.0,0.015870289581257944,0.0033643380170195925,0.006518162257942032,0.0029211295034079843,0.005636540330417881,0.0013537906137184115,0.0077923710174071514,0.008431790974860772,0.0071140739266703145,0.007842132239876986,0.023670793882010197,0.0,0.002799905355311933,0.002217453505007153,0.0,0.00200831348372332,0.0072820825884097155,0.005235602094240838,0.008350129570976101,0.0036356856530250768,0.008524306627957254,0.0026696786117671218,0.006836991723641598,0.001457772651544278,0.0032814952204308747,0.0,0.0049399198931909215,0.003863173421366861,0.004978038067349927,0.008601465434851864,0.007407740976741044,0.0014527845036319612,0.012591300555979505,0.01518361581920904,0.025610175317978687,0.007628865979381443,0.0,0.0037047533170166172,0.00763231290812833,0.0010346611484738748,0.0023587803140126293,0.0020752269779507134,0.002339430029774564,0.016027319620911563,0.00802900802900803,0.0021892337681811364,0.005979073243647235,0.006016099420985736,0.015719844357976652,0.010970228106159488,0.009383202099737533,0.007578947368421052,0.0018883193957377933,0.005783191829703458,0.008668903803131992,0.0018455423055082339,0.0028303940779446984,0.004515375632541845,0.004179220526776169,0.002743296070228379,0.004933196300102775,0.009251510925151092,0.0,0.0074893331786483105,0.003071017274472169,0.005028940127146788,0.003413475808845355,0.002003606491685033,0.0,0.009704582783908206,0.0031891723708774113,0.009229995690274386,0.002496029044701611,0.003840304182509506
48,0.002383384405856316,0.0,0.0,0.018339276617422313,0.006238587948874011,0.019162867231154228,0.005480198619353276,0.005806103159600324,0.007552015137820053,0.025324675324675326,0.0,0.001707455890722823,0.015138023152270703,0.008075221238938054,0.0,0.017410724459333195,0.002824533087387595,0.0013456362937331796,0.0070247933884297524,0.013202933985330073,0.01475033689041046,0.011289114797249767,0.004678650578675204,0.0,0.009270859433725883,0.0075391180654338545,0.007349081364829396,0.019500547209232912,0.0026026604973973396,0.0,0.0020216434772267807,0.019044929718875503,0.005306844468635189,0.002027726050072419,0.006496142915144133,0.00229147571035747,0.0072973945218150985,0.004764466302927841,0.0019403242497412901,0.0039075219798111365,0.0035587188612099642,0.003838771593090211,0.0043783664598229756,0.004112918302486446,0.01832700615263778,0.02171103644352546,0.0,0.0,0.0,0.0018908059560387616,0.011217282924802658,0.004824728779370877,0.0043282607948885304,0.0,0.0,0.01436222005842259,0.003012633624878523,0.026173285198555957,0.001424411906407759,0.001223130172279186,0.01905377841898413,0.0,0.0,0.003372681281618887,0.009819386386939032,0.0,0.020437535981577434,0.0018681985895100648,0.0,0.004581151832460733,0.002591419522027066,0.008296821105621329,0.0,0.014375192524899888,0.0,0.0016019479687299756,0.005706948209444999,0.009947249434815373,0.009612817089452604,0.0,0.010248901903367497,0.005734310289901242,0.0,0.005730427764326069,0.0,0.0,0.0,0.0,0.005871990604815032,0.010671132294216153,0.0,0.008173823072943611,0.009115703088527974,0.010116731517509728,0.006592939174819226,0.0,0.002072002072002072,0.012445644024591394,0.0011498217776244682,0.0,0.0,0.0,0.0014435695538057743,0.019901754385964913,0.011599676288103588,0.0,0.0,0.0073821692220329355,0.0053342042238188545,0.009926041261191124,0.015453396831567694,0.0,0.011921891058581706,0.0,0.0057692307692307696,0.019567655361769597,0.02783109404990403,0.014232849416453175,0.003561887800534283,0.0011353770119548522,0.009385894341646554,0.0011104171004233465,0.0,0.01249820428099411,0.0035171318357159064,0.019600760456273764
50,0.0022698899103393484,0.0018720099840532484,0.011021851780769336,0.0033112582781456954,0.0,0.0034623427376504062,0.0049654838319002055,0.004320820955981636,0.0,0.0026473526473526476,0.005608365019011407,0.0013228937531726377,0.0015099306980525765,0.003429203539823009,0.005047013274336283,0.0017091679770287825,0.0020751671662439476,0.002306805074971165,0.008884297520661158,0.003830480847595762,0.001893870415558874,0.0028704985363861217,0.0012312238364934746,0.005544578410419775,0.003382610874467552,0.004125177809388336,0.004199475065616798,0.0035817331608795143,0.004337767495662233,0.010154495794094977,0.0013081222499702698,0.0035924949799196787,0.006531500884474078,0.0012621560107593628,0.0028420625253755584,0.002749770852428964,0.002826455624646693,0.007992007992007992,0.0021127975163849604,0.0035818951481602084,0.007602717567130378,0.0019193857965451055,0.008536239644690836,0.0024303608151056274,0.0022254221756774447,0.001033858878263117,0.01603659208641023,0.002176373291546966,0.005364431486880467,0.0028362089340581422,0.006335687577897798,0.0,0.0072481192676307924,0.004551751434791213,0.003607138336919377,0.0014605647517039922,0.003012633624878523,0.0013537906137184115,0.008923521648966254,0.009264560453859367,0.001940201980000995,0.0106099436186571,0.009395484340859432,0.0013490725126475548,0.0013407997476141652,0.0037195994277539344,0.0028785261945883708,0.0016813787305590584,0.0046657654907774826,0.0037085514834205935,0.005038871292830406,0.0013051179267269508,0.007474210883933535,0.0014375192524899887,0.006612090680100755,0.002034473920287069,0.003733295287011937,0.0028636021100226076,0.003471295060080107,0.0046358081056402335,0.00322108345534407,0.00541573749601784,0.010177200369261253,0.0026634382566585956,0.012209745993677096,0.010475517890772128,0.010312822275696116,0.00556701030927835,0.0065125713980675815,0.002766971531624372,0.00782158981467564,0.0,0.0,0.0010376134889753567,0.00616758826031476,0.005021989138154921,0.007252007252007252,0.001049632628579997,0.004714269288260319,0.003897754554441463,0.0,0.004537261483000808,0.004921259842519685,0.004182456140350877,0.0,0.015996062507690416,0.00890193885160328,0.0028392958546280523,0.0023223746280571886,0.006344881276761386,0.0,0.0033376768854445284,0.0022610483042137717,0.005625290562529056,0.0033653846153846156,0.0040475914252935796,0.0011516314779270633,0.003510769522725116,0.0029682398337785693,0.002805049088359046,0.008045052292839904,0.008536331459504476,0.0027613565650280027,0.0035196092515443183,0.0034036759700476512,0.0029277566539923955
55,0.0017024174327545114,0.011509394716771823,0.005839936391303156,0.003565970453387672,0.0,0.011998217407699428,0.017500302773404385,0.01667566837699163,0.0,0.003246753246753247,0.0021863117870722436,0.0,0.0024004026481861474,0.014767699115044247,0.0030420353982300885,0.008226795196098539,0.0020175236338482823,0.0011534025374855825,0.011260330578512397,0.011817440912795437,0.002822595330881014,0.005253125780026776,0.009603545924649102,0.0013508609218113633,0.0170383362565773,0.0155049786628734,0.004199475065616798,0.002686299870659636,0.0020242914979757085,0.0028486209323368744,0.0,0.011891315261044177,0.006259355014287658,0.0020070349679288226,0.0032480714575720666,0.0032080659945004585,0.009455778816999846,0.003842311534619227,0.0,0.009443178117876913,0.009786476868327402,0.0019193857965451055,0.010898667590638485,0.003925967470555244,0.001832700615263778,0.008270871026104937,0.0025901025019287997,0.00513624096805084,0.003898375676801333,0.001102970141022611,0.00550477773161612,0.0,0.0036755865480402597,0.0021769245992479713,0.001392228831793444,0.002353132099967543,0.0,0.0013537906137184115,0.0027231404093089506,0.009160464268984541,0.009253270981543207,0.004818042029728345,0.003350327749453751,0.0,0.002050634908115782,0.0015736766809728183,0.0015831894070236039,0.0,0.002441895957790084,0.0,0.0,0.0014915633448308009,0.003792698746062141,0.002258958825341411,0.0,0.0,0.011485233271508062,0.003918613413715147,0.014953271028037384,0.0014750298517946197,0.015519765739385067,0.014972921312519911,0.003760160313421746,0.0062146892655367235,0.005505287256077619,0.004472693032015066,0.006130399908330469,0.008969072164948454,0.004750974216623072,0.004920778049723045,0.0036741987741536817,0.0026901189860320746,0.00110567827219342,0.0012970168612191958,0.0,0.004225645146247498,0.003885003885003885,0.0017693807167491378,0.0035644475106358514,0.0013274961163677447,0.010116731517509728,0.0031698676114115232,0.0,0.012266666666666667,0.002967359050445104,0.002460932693490833,0.0031226696495152873,0.003904031800113572,0.007293707816242108,0.005566368236667964,0.005928661677519681,0.0017831424456484467,0.013771839671120247,0.00901906090190609,0.001282051282051282,0.013148226922928188,0.001343570057581574,0.013758421102571401,0.010537251409913921,0.0,0.012603915258782515,0.008698267286649547,0.0038892345986309895,0.00908633816980319,0.007261175402768323,0.002965779467680608
78,0.0010214504596527069,0.004576024405463496,0.0,0.0025471217524197657,0.0,0.005896266840355147,0.0036635581930483225,0.003983256818795571,0.0030664222539470683,0.002047952047952048,0.002376425855513308,0.002907289759879401,0.002826280537380464,0.0029314159292035398,0.003595132743362832,0.003577858298580251,0.0024210283606179387,0.0032679738562091504,0.006611570247933884,0.007742461287693562,0.00244017918927778,0.004640450203090608,0.0012312238364934746,0.0013508609218113633,0.0037584565271861687,0.003840682788051209,0.0015748031496062992,0.0024873146950552183,0.002313475997686524,0.0,0.001902723272684029,0.005961345381526105,0.006939719689753708,0.0018001241464928616,0.0020300446609825416,0.002749770852428964,0.0034431368518423352,0.0063782371474679165,0.002543980682994136,0.0022793878215564964,0.007683597541248787,0.0012795905310300703,0.005921819384508772,0.001869508319312021,0.003010865296504778,0.0012923235978288964,0.0,0.006267955079655263,0.0037817576009995836,0.0015756716300323013,0.004881595346904861,0.0,0.006389337363883068,0.003166435780724322,0.00132894570307556,0.0017039922103213243,0.0,0.0,0.00144535914032552,0.0,0.0037809064225660413,0.0,0.0,0.0013490725126475548,0.0,0.0012160228898426323,0.0020149683362118594,0.00200831348372332,0.0026599223825927703,0.0010907504363001745,0.002591419522027066,0.002050899599142351,0.0013713015010192106,0.0012321593592771332,0.0015743073047858943,0.0016179674484172754,0.003115042564322062,0.003918613413715147,0.004806408544726302,0.003090538737093489,0.004685212298682284,0.0031857279388340237,0.0,0.0015334947538337368,0.0,0.0,0.0,0.0,0.008114023381198954,0.004276697153162437,0.0012859695709537887,0.0,0.0036364529841028037,0.0010376134889753567,0.0010633772862611655,0.003680400611247821,0.001036001036001036,0.0,0.0010348395998620215,0.0011862731252647932,0.005136186770428016,0.0029523276772950463,0.003543307086614173,0.006764912280701754,0.0,0.0,0.0019574944071588368,0.0035491198182850655,0.0016692067639161043,0.004437524328532503,0.0017494411507435125,0.001806003246233683,0.004522096608427543,0.0,0.0017628205128205128,0.006496770950152751,0.0,0.005977796754910333,0.0028198278420896407,0.0022039671408535366,0.006167873424510592,0.0,0.005872744243932794,0.007182876023559833,0.0017018379850238256,0.0018250950570342205
203,0.0,0.001525341468487832,0.0,0.001782985226693836,0.0,0.005210654417058037,0.009476807557224173,0.009316770186335404,0.001165747303153431,0.0,0.0048479087452471484,0.0,0.002245537961206396,0.006803097345132744,0.002074115044247788,0.0011394453180191882,0.003285681346552917,0.0,0.0013429752066115702,0.0017114914425427872,0.0019485012929307645,0.0068528897864712154,0.005663629647869982,0.0018952377111980322,0.005888248559258331,0.004694167852062589,0.010498687664041995,0.0038802109242861405,0.0,0.0,0.0,0.005129894578313253,0.0019050210913049395,0.0034761018001241463,0.0,0.0036663611365719525,0.007400174726347706,0.0,0.0,0.007815043959622273,0.003396958912973148,0.0,0.00412637414558856,0.003925967470555244,0.001505432648252389,0.0,0.0,0.0032210324714895097,0.004181591003748438,0.0,0.009763190693809721,0.0,0.0,0.0,0.0,0.002596559558584875,0.0014577259475218659,0.0018050541516245488,0.0028278765788977566,0.009264560453859367,0.0,0.0022552537160430547,0.0,0.0,0.0013407997476141652,0.0012160228898426323,0.0031663788140472078,0.0,0.004273317926132648,0.002181500872600349,0.001151742009789807,0.0010254497995711754,0.005855828031379332,0.0016428791457028442,0.0022939906441165887,0.0,0.007585485328387312,0.0019593067068575734,0.005874499332443258,0.0,0.007613469985358712,0.007645747053201656,0.0018012744016391597,0.009120258272800646,0.003052436498419274,0.0035310734463276836,0.0,0.003917525773195876,0.0016014519831313724,0.007327064279273477,0.005956655588400666,0.0036213140196585617,0.0,0.0012970168612191958,0.015312632922160783,0.003931500068155567,0.006216006216006216,0.0027290448343079924,0.0035644475106358514,0.0,0.0,0.0012430853378084406,0.001837270341207349,0.002582456140350877,0.004046398705152414,0.0,0.002843027591349739,0.0034071550255536627,0.008854053269468032,0.01086025690930323,0.0,0.0,0.0051387461459403904,0.003905160390516039,0.0020833333333333333,0.003531974683217964,0.0036468330134357004,0.005218711452699497,0.007865835559513208,0.0,0.0010726736390453205,0.009207208457676915,0.0035003111387678903,0.001939376526361155,0.007828454731109599,0.0
