,TBE01AUG08,TBE01OCT07,TBE02AUG07,TBE02FEB08,TBE02JUL07,TBE04JUL08,TBE04OCT08,TBE05AUG08,TBE05JAN08,TBE05JUL07,TBE05NOV07,TBE06NOV07,TBE07NOV07,TBE08AUG08,TBE08NOV07,TBE09AUG07,TBE09NOV07,TBE09SEP08,TBE10JUL07,TBE10NOV07,TBE10OCT08,TBE10SEP07,TBE11NOV07,TBE12AUG08,TBE12JUL07,TBE13JUN08,TBE14NOV07,TBE15AUG08,TBE15JUL08,TBE15NOV07,TBE16JUL07,TBE16NOV07,TBE16OCT07,TBE17NOV07,TBE17SEP07,TBE18JUL07,TBE18NOV07,TBE19AUG08,TBE19JUN07,TBE19JUN08,TBE20AUG07,TBE20SEP08,TBE21AUG08,TBE21JUN07,TBE22MAY08,TBE22OCT07,TBE23AUG07,TBE24JUN08,TBE24SEP07,TBE25AUG08,TBE25JUL07,TBE26MAY08,TBE27AUG07,TBE27JUL07,TBE27JUN07,TBE28SEP08,TBE29JUL08,TBE29JUN07,TBE29MAY08,TBE29OCT07,TBE30APR08,TBE31AUG08,TBE31JUL07
1,0.15609266671318034,0.00505490177140867,0.09480083590974842,0.0,0.04047513628488422,0.011729279773205165,0.02923817243691188,0.194582891558438,8.012820512820513e-05,0.04718566601974674,0.0015332835273763582,0.0009720592157461219,0.00047134588860100286,0.1767481716784003,0.0002846569883290635,0.048447873612319836,0.000719162885799905,0.03386849934161009,0.11547752903228899,0.0003261971626424943,0.046363418477642554,0.00012594727764818854,0.0,0.13114604383763723,0.08364636660179806,0.007482320525171247,0.00020028178612989394,0.09236311906684229,0.012949939794046256,0.0002830384363382275,0.1605686141528466,0.00014841199168892847,0.0019892880691400965,0.00029330618215173,4.782131797358629e-05,0.16122380822540236,0.00017142800911025956,0.08998091372633224,0.0009178444031058689,0.001638103403812082,0.11026920865578842,0.02340348599509159,0.10605560597310454,0.0024383352665067644,0.002867454000131344,0.001636483903310743,0.02778357490441826,0.0015406189153045033,0.0023334157672505696,0.07434119293872438,0.1764114417302663,0.0039847036242554095,0.0017122341197565207,0.14847848626541618,0.011105895643351536,0.027110368926337402,0.10402729635251173,0.010926386771925522,0.00371687510665789,0.0016264367513538801,0.0001061860571342414,0.07127969290814024,0.14092638416658554
2,0.12188859508004715,0.004232819877244274,0.10742986652627368,0.0,0.01710222474949511,0.006021410411225001,0.011815008653566831,0.18586908562550997,0.0,0.02490815943730742,8.978595029449791e-05,0.0002690158086151469,0.00012703765291259008,0.14290329373431082,0.00023721415694088623,0.05214821312008415,0.0,0.027627317566123914,0.10422258647380504,2.7654867256637168e-05,0.01600077230433845,6.297363882409427e-05,0.00023041015227598285,0.10795947167342787,0.05918168945627679,0.006567195750424956,4.541601065762383e-05,0.17866575109129557,0.006347673239308221,0.00010086410427214276,0.13775615551513137,0.00016281341582546403,0.0012107124885531576,5.672793283412752e-05,9.334704911682844e-05,0.15296621501712354,0.00011292933222767495,0.11302185688281793,0.0005583217809839826,0.0007376098404543328,0.037700469118088525,0.014091128231701184,0.20983410276906736,0.0012131173544157122,0.001140908329298711,0.0004788877919692646,0.013380073729626296,0.0015743121046030615,0.0010195470554699656,0.10598834389676003,0.22509008230418698,0.0013153281896723565,0.000513492579668992,0.15120428035250016,0.0037565488319726646,0.014803260173458555,0.07068081200504976,0.006382534789026038,0.001156171530266462,0.0007247928603010736,0.0,0.06677300318072113,0.1256791204497439
3,0.10171286289636933,3.4666851556541634e-05,0.08010905631732484,0.0,0.018141022956301586,0.010438787825199773,0.143171078179992,0.10169991801985562,0.0,0.012237471878727485,0.0,0.00012201581126535554,1.289041855189038e-05,0.11626224247827854,0.0,0.08556646829854334,0.0,0.09236578484225816,0.03744273821334598,0.0,0.0974224468306621,0.0011205258329144458,0.0,0.16297677125427928,0.031001262303805968,0.0009409512252038987,0.0,0.12378736541167534,0.025952868424351315,2.37789508726875e-05,0.07606910812212084,0.0,0.00010468995156584816,0.0,0.00013091542744659424,0.08795351493647904,1.8143551781696786e-05,0.09307879652995066,0.003381324886024212,0.001162960754958799,0.140208368313668,0.10749433900666412,0.15333863930854086,0.006359644902574474,2.6690866385522874e-05,0.0,0.1534035336714497,0.00401234781765142,0.010833862636038907,0.11305500006831495,0.06178725078454089,0.00033500466427297746,0.08589902340876729,0.1646857682990973,0.02040456641465547,0.10033945370617046,0.06981170550675006,0.022336455800825633,0.00010330578512396694,7.728970758727296e-06,1.3629177342855585e-05,0.10079550714968433,0.11580555805937327
4,0.04638758904026764,0.04693745479483024,0.02146340094166166,0.16729048890900927,0.11474071047574116,0.06843938380594539,0.027116579148207736,0.02794926603060973,0.16120174739998128,0.05614382295996646,0.11357824657507944,0.10607879840253337,0.12227821132552175,0.02887295061766104,0.09504318467880327,0.05757476026626747,0.1067829824832329,0.060880462037246105,0.05981427962060322,0.1323759293587563,0.059201207109872325,0.02284680366198439,0.1510151732188586,0.030966179535015986,0.0590905863304968,0.08403265550086414,0.13110991088306778,0.03779790280424515,0.07152823412329115,0.11132888340066288,0.037957987999117315,0.09123323937612257,0.039871101639369466,0.11194984451713144,0.020206887563382396,0.03474494727646829,0.12271381143393453,0.04641846130841845,0.07474610749945156,0.06905605589178002,0.03911640946580577,0.06933596975235884,0.028248251697345877,0.08821977178639805,0.04988349322417726,0.08165451139933423,0.019946703591938713,0.09301710817159448,0.024784154415951595,0.05096253353931804,0.015578905896752822,0.053346285304846246,0.022027986150720616,0.014254165921839465,0.09452840342711273,0.04394243856542432,0.028297606175682263,0.1149655052797681,0.047538183524708066,0.07077857523015263,0.07158480480612409,0.040466002103541246,0.020803244548988287
5,0.04542522626674114,0.01012821339457001,0.023028571819406304,0.0501214564761996,0.014505610966680852,0.05045367706240097,0.051918029203289334,0.026343379491838008,0.07842140604016365,0.030761797577941077,0.0628735519948316,0.07076364774212891,0.0692577336066102,0.03621226614589823,0.05363745114680489,0.03846984661385067,0.058429003434545226,0.07071357323209675,0.0210363916087938,0.060841206874760245,0.048436474338251566,0.018939720974046635,0.04571388175284824,0.04417999906548372,0.02001300898886703,0.060164628662702516,0.058797842899343075,0.05791162152934794,0.05753714916262445,0.05516287129608563,0.015714085172673316,0.04857216162186712,0.026161795630593936,0.05298971432198568,0.0664008399913189,0.009678871230417559,0.06497096943852693,0.05933854569790266,0.014632607246715723,0.05267502185365919,0.04233122942520314,0.05600966876782999,0.057704136573090314,0.007680355167404655,0.05480090672966268,0.046247925088805555,0.042494112814792484,0.04359881372256907,0.04591709714668166,0.05566622981368638,0.00955719156541806,0.05555974755807799,0.05274499733110409,0.00616774031113493,0.006668797223418996,0.050957940759159936,0.030171710625594733,0.004435411002727048,0.05640617762500305,0.04850066955679597,0.05062420429411828,0.05107800630075607,0.012525247162905234
6,0.0499880483402322,0.10805555652976453,0.11596253049292671,0.005703021062271666,0.042709096160167104,0.025282658176939796,0.01947982609949343,0.09676795440061428,0.007697870795465193,0.23031568995694557,0.16138484971632028,0.09166640895968778,0.1013709114814958,0.05963515948129369,0.07149822901225195,0.081505129258168,0.058431251429431535,0.04377268434996374,0.20885332643172438,0.0741992422663382,0.04466684339768592,0.06822746083083342,0.037168699022122,0.04556707390319173,0.1164014510705229,0.033036691672126015,0.01936066668823065,0.06193925262270714,0.048173936329829865,0.018478415715905173,0.1063257390913464,0.021431348846083477,0.11816155966605629,0.016358751749681662,0.037810233490044684,0.0877937834912647,0.030522971845249297,0.07436792062924122,0.437641086219705,0.024315838125508662,0.09398306442996046,0.020805929949834014,0.042980960500142086,0.36682446960194126,0.0004977089328805665,0.08969593965715342,0.11285696256007158,0.02593630687999335,0.026969744995108173,0.04949324207906229,0.11444322990162242,0.0006678769526258016,0.09957601845680103,0.14180604758637466,0.14032469885057092,0.028418530063856202,0.18404764291075404,0.04753710613348003,0.0009704344328238133,0.13367354430987038,6.814588671427792e-05,0.06109162862370257,0.1335906723668455
7,0.04244452041145255,0.00054546469902833,0.009835807190122914,0.023944426978193184,0.000285569261545644,0.03777790515338279,0.06816640276830171,0.0010297339885161384,0.02318447640463475,0.006313566851683444,0.018108636345914662,0.014411519036448835,0.012645706846101293,0.03159356531640836,0.007376770292927546,0.007569765554444515,0.006065774375594985,0.07891050672897834,0.0061035385124157075,0.00410228877806924,0.0633596027506032,0.009256005909984334,0.004258520689331708,0.03368381704577746,0.007181370381615128,0.030358115189850286,0.004244845517862878,0.023799032475090576,0.06634578349407247,0.002976104521392212,0.010042456549519421,0.0022527838484452116,0.06769455939331415,0.0025359662916784077,0.09262922983147856,0.003529585484232333,0.0019179271822387543,0.07723981141643978,0.0007897049874216043,0.03306081848233454,0.053860874940851435,0.08889453564670087,0.01476063296093676,0.00048766705330135287,0.00740545333515868,0.05953815654169914,0.06693317704708161,0.0313698316899603,0.10418224943593206,0.05834943571242282,0.0020558280659989585,0.007695754886399291,0.1392351765578381,0.00018305545387694826,0.0,0.16457110336828676,0.006200533288486817,0.0002254862679476235,0.01459719885906531,0.013259090843999753,0.003245602354723671,0.03805606959965986,0.00373133154653567
8,0.03859056950604357,0.002879377431906615,0.01844286406583366,0.2538588729826332,0.018678940980273926,0.06121187492492408,0.035244145466179336,0.009548733368336034,0.20050848714825573,0.018075430631484445,0.05185949264191332,0.05909835553777966,0.07313714116297357,0.03183374640561662,0.05850785517736841,0.01901339229386845,0.07953943471725111,0.08942705019010205,0.010706192756186285,0.09671649901437526,0.0769989485316584,0.008125304143765992,0.1213959243527829,0.03718221683705546,0.01253233498428746,0.12088095203056222,0.1408661726507981,0.0360777383884507,0.09258736510637652,0.12747543870465777,0.012989171297773362,0.1458207018828847,0.017609767409506545,0.13886380529911813,0.033947963288033484,0.006858605304111426,0.1363964832612775,0.06466386038760089,0.016515524687586276,0.08798495307184859,0.030538913396323378,0.07652429244701063,0.031239179388720534,0.0,0.1579241434173143,0.024155395068654474,0.02692905450596389,0.11119921769438113,0.03377308269998659,0.06071040057108884,0.006204711356093202,0.14157087670569818,0.030450344649576765,0.0036214143529925235,0.011965793262882739,0.06296574579405498,0.01825825081036577,0.011184395044885205,0.10859906384846046,0.02078479222067784,0.142726791999575,0.05001168085823102,0.01108748928113915
9,0.022609452779758097,0.007054221383862944,0.018175995377773986,0.0005810534384673823,0.054966093790771775,0.03161760963740963,0.014477628178916173,0.020536699211361472,0.002419949873512602,0.04269787677859427,0.005050846800786827,0.005179861337124577,0.006539164958686209,0.023726394801753585,0.0052419501509930275,0.02084217804916587,0.0049460774444012225,0.007561506676897355,0.03853434269364045,0.0037710817259187152,0.021739862205572474,0.018409133489772182,0.0022159388811524086,0.017202559612011302,0.049909561758589585,0.015594280047668156,0.0033426371902026287,0.015343584567808748,0.014698951238875192,0.0031663361283737123,0.03090395980526938,0.0035718914743472457,0.007879037539011209,0.004041163274361427,0.01264669277505628,0.03357060615484092,0.003600313281589505,0.003985361136037605,0.046710573807339784,0.021806770112902198,0.015350324871908374,0.011433545727349857,0.00694531587075883,0.04719742336848035,0.0,0.011321200104243024,0.01651844789916665,0.01280990804964072,0.013080445085469402,0.006641120500689377,0.018106257106706106,0.0,0.0196028884774614,0.016229150059053232,0.04263328271532095,0.012464177962833979,0.021803793947249288,0.05218477295581436,0.0009385894341646554,0.005444070444879591,0.0007978191093111122,0.009173328271216948,0.022846282459790864
10,0.02209404667319629,0.006760629571606743,0.03996012002180536,0.005941831149167772,0.059522171687029585,0.0420531845129314,0.02664817207385185,0.01523148729935924,0.014316694774977358,0.032055637436803355,0.02214005624771474,0.028170834519904032,0.02684664784665558,0.016597251614836276,0.028684452706225896,0.05052214841746805,0.02905826607267474,0.014743915897324945,0.023557036525806745,0.02169559329287357,0.016594068032466023,0.03410507300019193,0.0064744595704841175,0.017798143280597336,0.03859318523791357,0.01605530321174633,0.014238812616737012,0.015064144261480478,0.02251530788603032,0.013184649232173044,0.02360193562519254,0.014211161026382733,0.03290154686774975,0.016502478344345622,0.02937985125057021,0.03211870832607561,0.01619933621837772,0.012685505864300612,0.05212043742116179,0.01955765737704735,0.055459285434443034,0.019405154398492174,0.020538064248057115,0.0756921956359849,0.03398138446994863,0.02139243069828705,0.048377160366471605,0.01583909033585787,0.01932642164770559,0.015075768540225479,0.021221406361192206,0.04277977793676646,0.03591708640421393,0.020705230725497056,0.0780132791794722,0.02334121028559802,0.02209468758484811,0.060357864549684344,0.037469069211828666,0.024280610921275314,0.010187177547185407,0.018857216124616872,0.03747445719179872
11,0.0179460253870904,0.0003721304412456218,0.0046668643171631965,4.974629390110437e-05,0.0003716743829584203,0.00389872165728571,0.0009636500576483033,0.034085921743344835,8.012820512820513e-05,0.007405897540426688,0.0007928853115395391,0.0004645316185553981,0.0007076530414942574,0.021694052098499318,0.001083188591252166,0.002955963719076516,0.0003466799070307506,0.005879562747501572,0.012126174831174185,0.0005970845907717142,0.005288378073218742,0.0008343740514763883,0.0007453153258890923,0.011827727338632,0.005138428570548057,0.003958526148998081,0.00046685402259855557,0.013735167687743036,0.008003868754819326,0.00036203968999814703,0.0048487856946432435,0.000622450815028785,0.0005299593192916723,0.0007194012659339,0.00044286318714371317,0.005086478687033002,0.00031657642336383384,0.016941571067765344,0.00470683572440931,0.003545428259153697,0.001395206549336264,0.0019616077410880874,0.007918674991378175,0.005055554680816447,0.0,0.0008736665258786732,0.00612004643243378,0.0020541585537393377,0.0006196227793518215,0.012347982598911289,0.006393196006217444,0.0,0.004900315265416483,0.004273902643647564,0.00048660513534799906,0.0027659113342565367,0.06642473189060055,0.00027909216463364514,0.0,0.0009614196083725659,0.0,0.015180120190727325,0.004533045959230101
12,0.011853186997055554,0.001255058729963032,0.0,0.007688932141442879,0.0,0.027507904284601196,0.007108373085067064,0.001905901428238994,0.02208932586901527,0.00028745544440611704,0.015039982334925275,0.0168689758412313,0.02068583214096962,0.006439851035403818,0.017086128584018232,0.0,0.01567800503159899,0.0069409647643871,0.00011622501162250116,0.01842629045884213,0.008946398677597129,0.001637314609426451,0.006938248085277813,0.0068808273156300654,0.0,0.020630462144682137,0.012855833973357446,0.007517210143923023,0.01366470981489993,0.01525720188951046,0.00013360722815104298,0.01695678287262791,0.010031780602268017,0.022917819454811736,0.010775160619059022,0.0,0.021497657504919845,0.007539130912155702,0.0,0.016494126026675417,0.001869221884714993,0.0075191562699890475,0.004080720922420063,0.0,0.06476868323783155,0.01194253945594213,0.0016428949836496468,0.01508458809426471,0.008072595667125428,0.004772603695754449,0.0,0.06416003363579714,0.0007367758746434003,0.0,0.0,0.014258255832598692,0.0026728693021355605,0.0,0.040629799605061065,0.010134018021526425,0.016453179387613773,0.005793526831005364,0.0
13,0.012192698095172873,0.004017049076661223,0.018897202260817217,0.045033333057950556,0.004979109964702353,0.06451984223474616,0.1550947734574588,0.005858352722903521,0.04565853477622661,0.03100453773099513,0.10797072688246673,0.11117324912889018,0.10536459002023796,0.008884296368697073,0.15055457403017442,0.00653809435619947,0.14484818215404824,0.021598567634585984,0.010207934933164627,0.1718936814137118,0.023473816574353473,0.001745627101310759,0.20485123375584635,0.009627703554591093,0.034482755257613185,0.1132291787787113,0.20832013792927062,0.010046138979955283,0.041012419139795565,0.21150887144766772,0.02619656037596753,0.2061374181958031,0.09282229564178548,0.1916825675299873,0.027864181585441773,0.011083372720693754,0.1618607429244102,0.015260998127531074,0.01323835877081395,0.1251541478412604,0.011865711131124102,0.016103841503575016,0.004193091586385676,0.010066206087367776,0.09850098443135455,0.056958484017139335,0.017436110059378195,0.05824235883506447,0.02716441776235861,0.01643763019893436,0.011388139446475319,0.0677003840019243,0.027252861976981593,0.0005886707273802675,0.002537132575069601,0.02224746152851019,0.006357899540974398,0.002793380019937237,0.10661294156366563,0.18039429223866488,0.12082452773448829,0.01158067051086548,0.007160447424090664
14,0.010671828936031889,0.007574941774527336,0.004343034911770684,0.007617303053459451,0.04835532994871751,0.01448813256339064,0.008593787160279458,0.009307697000010554,0.01741505043880196,0.027900018931409067,0.020853337965029757,0.024776761813546048,0.028700125037059952,0.007621575528149923,0.02824179597398085,0.005109602629846341,0.030244718678100815,0.008184287804269719,0.02180958748508246,0.015598814145987764,0.01580318709180617,0.05161776449327827,0.007450185048649192,0.004967375154340577,0.022765831357695412,0.013114835686688447,0.00806599632760308,0.004826646816981443,0.00933278698487824,0.011142016700363268,0.01237901690476513,0.011101105826400594,0.018348390674373986,0.011507877904837545,0.02565139944860202,0.012136224571780195,0.005084666686699256,0.0029106684147167648,0.027233838481473975,0.01716843561292397,0.005325978558962852,0.010616758817958018,0.0030739683602726353,0.028682403806398075,0.008379417540865481,0.028708961262761318,0.008760900550402694,0.006517769909296894,0.03535670138696735,0.003996424890971144,0.002953083380519717,0.010867880617153308,0.02133052167271323,0.0025756394254767743,0.0380945646467311,0.009264082953755224,0.009068919524570312,0.04863618135113853,0.01287177893171457,0.02372184352254482,0.005562371711116919,0.007514140684157858,0.0038664603543783283
15,0.008631845182027226,7.782101167315176e-05,0.007300496416768768,0.0,0.0010115443094991586,0.0,0.029216138366614394,0.0076206302923277226,0.0,0.0008629470512878585,0.0,0.0,0.0,0.011974035837414361,4.744283138817725e-05,0.008804219980206848,0.0,0.014416899420161586,0.0011713803697153565,0.0,0.014334103167490286,0.00013612321095208464,0.0,0.020455338043215164,0.0013749714243907795,0.00016225220879221642,0.0,0.01990593677768744,0.0009937970774472676,0.0,0.003511113266647661,0.0,3.272679670113889e-05,0.0,2.846323210111736e-05,0.0035450308474964986,0.0,0.012614026484219826,0.00015880135759863533,0.0,0.009766445845353848,0.021818312957553463,0.02605152557956879,0.00020570948048077994,0.0,0.0,0.01834006505377441,0.00019193857965451057,0.001366670021684357,0.01328629153413263,0.0034129456606575665,0.0,0.017269666543137052,0.012253419000392531,0.0007131511093023699,0.019876965475894584,0.0040093039532033406,0.0007251479533273201,0.0,0.0,0.0,0.015356288995040384,0.010995484722838723
16,0.00808036011151592,0.011332348273172633,0.0022006719748357793,0.0015600772281435995,0.0679794704757658,0.011056787985932934,0.0033853499123431873,0.0061156214318285745,0.0021421851088416254,0.0345306578490435,0.0033994673080793483,0.00479696426599752,0.004683470616290911,0.0036562896800289733,0.004775411097253709,0.002262652123171169,0.005213100141330461,0.0009553713464121999,0.035058615748129615,0.00263157092395944,0.0038171589072697465,0.012375864786735191,0.0022359459776672766,0.001378311240847105,0.04138796654243576,0.004426098913849786,0.001422658884575256,0.0010452048030434038,0.01026973026973027,0.0014784717593937847,0.01847815736551528,0.001110891062505177,0.0067137129913060895,0.0015896532944079974,0.005235623706634053,0.021675274773114983,0.0013432730123936712,0.00022806034197355137,0.03957375682608619,0.015204564763305055,0.00047299772564223896,0.0021882847332547533,0.0003592009638880165,0.05528161642456804,0.0005683640035927672,0.007964610006560121,0.0004720517407250382,0.004593273834683371,0.009556414113421735,0.0004924601448736518,0.003079481049951796,0.0005708360147684535,0.0021276329914618904,0.003100492589582269,0.05529256707525336,0.002496151420579709,0.008477598118031837,0.07392910551949297,0.00037147419488529703,0.006821594256850973,0.0006206398038539895,0.0005024495882158273,0.002325185795879887
17,0.008949319946401413,0.0,0.0022689478997297103,0.0023401158422153992,0.0,0.004263541383391604,0.013813298693303538,0.0006704202344557271,0.0022223133139698302,0.0034366895353442443,0.0015498562429612792,0.0014752291342016105,0.0013727780141021178,0.0075409124986525865,0.0007353102512500187,0.0015850334558647366,0.000267022696929239,0.014798977097496654,0.002224498794614828,0.00022123893805309734,0.004369332393592557,0.0005380463367344346,0.0005689900426742532,0.008745548263253636,0.002136919038604028,0.008170162024185655,0.0003725429280031173,0.00897180216896866,0.005875930153496693,0.00033251243834406675,0.0031655425946234923,7.420599584446424e-05,0.0021661201649596355,0.0004164285658010775,0.003705573134757477,0.0008116994565856392,0.0004154302253473063,0.012416303901442681,1.1257965010244749e-05,0.007602282381652527,0.004343285556556205,0.014719057190742735,0.00560056544687011,0.0,0.004431235869485245,0.0025101504291894167,0.005778255277117138,0.0031149310199075648,0.005660385790800689,0.011052997049640308,0.0007328405809117685,0.004784150973560301,0.007060004256411642,0.0,0.0,0.03431435417201918,0.003470437964160726,0.0,0.0037366830005607157,0.0006727461137400416,0.0007864296628766991,0.009288934230847555,0.000654538488754753
18,0.007453799947804872,0.0007527481910513121,0.009702890463263543,0.0411509427239469,0.0016861616719665489,0.01670429673329553,0.013940417412168216,0.0006483879913686981,0.04434427605484244,0.00704759449154068,0.03747287103242691,0.04028758503771006,0.04128504066927053,0.004984896438609072,0.04355676127635162,0.005436192535736852,0.0492818145032811,0.013369270801745253,0.004233753660488768,0.05290148824900273,0.011258161992543182,0.0014502050801834428,0.043782437893032954,0.006484099085196801,0.00769464166929246,0.013212614757495775,0.045710039364303734,0.005046900503191929,0.024625175205023116,0.042885950733254546,0.008457893241511878,0.030380480792994605,0.03855552020986148,0.039847664057991956,0.03805645844368184,0.0028378083560531156,0.06605144650235374,0.008348521496893403,0.0028522005305427088,0.02107591453237635,0.025323027490727033,0.01399143211268461,0.004757602515747106,0.0025870409150470872,0.020849888613483185,0.030957546642976626,0.023307396466026253,0.029180900379026722,0.031361175526910354,0.009350660907897292,0.002987982537572577,0.017148647400579742,0.03202110182553737,0.0002361476841797773,0.0006628813281434839,0.01145906061866708,0.0025107324449533093,0.0005606427028680763,0.028923029571661915,0.04832250820748242,0.021574937961942424,0.0054817391922149985,0.002663888735336681
19,0.006807543888718419,7.782101167315176e-05,0.007811217921349662,0.0,0.00048068997218768004,0.0006965246508637522,0.03271666084387078,0.0048955440211466755,8.012820512820513e-05,0.0,0.0,3.2828061586443815e-05,0.0,0.008942283652987607,4.744283138817725e-05,0.0071934606497121144,0.0,0.009929476393577394,0.0005700297631885433,0.0,0.015628562006952295,0.0007028859603689331,0.0,0.013871811238941975,0.001140746880987628,0.0,0.0,0.009778104874177981,0.00038152911727056216,0.0,0.003438628587510375,0.0,3.272679670113889e-05,0.0,0.0002447683558510637,0.003079750079348778,0.0,0.009967991762288344,0.0,0.0,0.008798698985951897,0.012772444201491503,0.013991697935946372,0.0,2.6690866385522874e-05,0.00014634034662945413,0.021951463974431932,0.00019193857965451057,0.001687800188728333,0.012155455336105347,0.004486234855405506,0.0003103141968534243,0.019769315170472014,0.011484555350716779,0.000718957946368502,0.013912703570697403,0.0006711971839559326,0.0005493923055972587,0.0002890428825666155,0.0,0.0,0.012417510876951225,0.00743350464603145
20,0.0066499767257151895,0.0,0.012641333070597475,0.0,0.005418322430747899,0.004936033170663833,0.0011809064201560625,0.01102176729576966,0.0,0.002315322943125634,0.00021687075518077374,0.0001170770549201709,7.318664037021282e-05,0.012264416683271977,0.00015021775430698505,0.002537790279801684,0.0,0.0028850906765806737,0.0016999765153584761,8.29646017699115e-05,0.00098633091155902,0.0011001739663066535,7.112375533428166e-05,0.02171374643364724,0.002508503250391754,0.00206371047336148,3.375641371860653e-05,0.019611799803812023,0.0021135898322210108,1.188947543634375e-05,0.0028532587039565385,0.0,0.0005561765545303798,0.0,0.0012010403131373333,0.005081766145174266,5.8498676882584604e-05,0.011000791810440207,0.0011698214339028255,0.0015385199351144485,0.003931789619363078,0.0024572886831381166,0.01256390684315967,0.001571323019576078,0.0,0.0006252281385987187,0.002928789620416365,0.0016988643056604557,0.0008288938925924821,0.005887225671623673,0.02088866908076959,9.662949375805927e-05,0.0031284105530425318,0.03162703185002959,0.01636199607473436,0.001295196473276394,0.005840494195009297,0.011069432698576243,5.165289256198347e-05,0.00011598466257025819,0.0,0.008161182522229093,0.014834359394397426
21,0.006619946688435292,0.00033746358968908015,0.006277464371001,4.974629390110437e-05,0.02910644376571462,0.004890623481881277,0.003933634964178952,0.007196707519320351,0.0018964325869015274,0.011302515786820719,0.0011306209809993904,0.0023034841450062012,0.002385768977918713,0.0072465823359237624,0.0020636022595855244,0.009382858381143019,0.0016127897225583355,0.005386992166821491,0.011153886708172175,0.001212822878024227,0.00362384417800369,0.0031754803148864095,0.0006741915705548106,0.00554248369158797,0.01396370087263521,0.0020570678844288176,0.0006671358087284495,0.009276659525440187,0.005866604878011722,0.001009426790468544,0.007356854669621677,0.0014077150458830338,0.0008245004896019223,0.0008895850644362825,0.0022267872611000028,0.008727869153642244,0.001520640508673145,0.0029943918046896616,0.01771408595774232,0.0028643644129766636,0.003871305440650456,0.009128861860374187,0.009439405385672681,0.02139159912222846,0.0009273813982145281,0.0006388415672913117,0.0054903197746696865,0.00221240394409529,0.0018121721105232686,0.003893069804463252,0.004256677809777731,0.0006542598089063039,0.006904016518410232,0.0039846627291649575,0.022425811920428418,0.004506386108913507,0.005928714991618175,0.025214171387458715,0.0010012128525805114,0.0014438877479988046,0.001074882117985109,0.007073117362035435,0.006991095954362267
22,0.0061692815331687335,0.0012034172612863533,0.006308592994529235,0.000851667702055229,0.023404508862187257,0.009172328740785902,0.013454877100840186,0.004925692434533492,0.004754403635341516,0.01374791957751599,0.007551070131447217,0.010425959875031992,0.011787648400943578,0.003602928449771719,0.010365346858782341,0.009527630414205441,0.010970899217502302,0.006389241253665216,0.007872195622271108,0.008062963293516606,0.022905088685251592,0.028177293056423892,0.0020596206944524377,0.0028950351717033284,0.00960311416860151,0.004036377453007423,0.003264687142924844,0.0024995600418125565,0.005431403197562894,0.004894093998057158,0.006546861777414387,0.0058988813186369215,0.004462789537945863,0.005924122750921155,0.014222500681354285,0.010139180252259994,0.006891210912068001,0.0013856634446176342,0.01505061646850667,0.006765089072500561,0.005689901240975074,0.012704540752508774,0.003433169324160652,0.019250675152802342,0.0016239625274037184,0.005033427520072987,0.0063624393805079005,0.007059892458961868,0.006550725608539844,0.0021927649746684517,0.004869335676906379,0.000955633057979826,0.013968611328055155,0.00407279348996508,0.022722039939176375,0.01212423581398484,0.006604682780268779,0.027500326885146614,0.0019408688656476266,0.007926792761811605,0.002958365161015582,0.004545512854432948,0.007868930436449461
23,0.006504111754550597,0.006423165981917662,0.007599384222319285,0.006715889057503118,0.022288292392949667,0.007320984296986905,0.013774102761064375,0.007052255103007351,0.004033249789187669,0.01200750752320259,0.003024432784027719,0.002849359637738503,0.003969073307810305,0.005534184802010544,0.002371927028341948,0.012840282877265713,0.002452562420953658,0.006243775296497355,0.013866602443361275,0.0026502246204402383,0.010014433982234939,0.010047758189244419,0.0030494168486489203,0.003926332041655361,0.01842407531805322,0.01665874380597786,0.004136618130146678,0.004492657452566695,0.011383198550498932,0.003255310757209511,0.009442482806116875,0.0026238138276675326,0.004737802023868819,0.0035873398116884076,0.01316033314847702,0.008195293346329055,0.003360379086889953,0.0034935007620501106,0.019881747397277938,0.013948774799577105,0.005665097003648131,0.006665356998468258,0.0035049055235217316,0.025995351053215043,0.0032395644105810834,0.008053094618518029,0.004704864220650794,0.0035661945578137014,0.011896086314668115,0.0033539983050636375,0.007222170242996223,0.003542894186146604,0.007256191672338886,0.009380142424485783,0.013773929801027105,0.005023716683150444,0.009864102884248143,0.02478778258757133,0.003116848289816914,0.0035770451515221464,0.0018749409582046635,0.0044614834492599925,0.008629439286006985
24,0.005410503366998896,0.008396306051375466,8.329862557267805e-06,0.00017710238152209265,0.0,0.0,0.006132891373345412,0.008630648305569165,0.00016025641025641026,0.0,0.0029560549654513617,0.002435667873320439,0.002463410546940459,0.007411625399032513,0.0016446133077678397,0.0003170066911729473,0.0020542763704461,0.007055549397602207,0.0,0.0017196116594195346,0.0006947573864351013,0.11895634883165727,0.001436545782717041,0.0022204989153795512,0.0,1.9462826002335538e-05,0.001699856398899635,0.005545198318946376,0.00038395065011034596,0.0010174840653839592,0.0,0.0009192747984066419,0.008500309708165902,0.0021665991407303653,0.053513738430794065,0.0,0.0009156387224338823,0.008685647561517098,0.0,0.0,0.00543607121232936,0.00902475272894993,0.007722377788670125,0.0,6.803646754660499e-05,0.008377377723060174,0.0034473569259068646,9.596928982725528e-05,0.02823371358654655,0.011881869053651663,0.0,1.5749519639650992e-05,0.00524064446900911,1.4122299110295156e-05,0.0,0.004288359252660373,0.012501206807270685,0.0,5.165289256198347e-05,0.003219701166165397,0.0,0.013856186802949103,0.0
25,0.006237730972765854,0.012006557835234525,0.00804700597371091,0.004005666363897663,0.004944362528775701,0.004170065967426003,0.002531799836465549,0.006583439286327715,0.0031464716262219307,0.005881512607970007,0.007369431763672958,0.007828475735326208,0.008725307758742928,0.006815520964792052,0.00849173046581644,0.002476305584510607,0.007758221308254832,0.0033817529871308476,0.010121976352403821,0.006321358011277587,0.006262425065264916,0.0010705518600096025,0.005996600379659014,0.0059479755188821416,0.00533651823782943,0.0014471706775828835,0.007004408832107069,0.005985587298229107,0.0010437471273973176,0.004510977205193903,0.01489196640733355,0.0036028931977821034,0.005581831197858036,0.004551714669868576,0.0012841344226103414,0.015094744585034594,0.003938776187998476,0.009038083801536357,0.0007827488229829318,0.00047514264885328296,0.002183536092073329,0.0035695101651130965,0.005207971041454009,0.0005748493845044049,0.0019882171283566704,0.007875638627603775,0.004133414272683234,0.0013486803356499927,0.002419433373507723,0.0046185867219667165,0.009029858972217957,0.002122406999035575,0.0020679623988444605,0.009793620499379582,0.0009506468399102374,0.0034901741381882486,0.003148549552143559,0.002286155497687902,0.0010737402179477802,0.007193750655915622,0.001134485919873577,0.006037505052557078,0.010677384564950383
26,0.006062808352754948,3.4666851556541634e-05,0.008872239774615924,0.00019898517560441747,0.0,0.014464099699799119,0.002792653220278062,2.2860800585236496e-05,0.0,0.005032502790350324,0.0007714771798213987,0.0012088280403847744,0.000135772200523351,0.0036122916639395168,0.0004980960943091324,0.0069540813137426785,0.00020026702269692923,0.018258859652013376,0.0027318868711268315,0.00011061946902654867,0.00787943099377587,0.00447102170473925,0.0003015339076102645,0.008159710837400785,0.0070324655415939345,0.024179339066039866,0.00010944976481464625,0.004247933861318887,0.05639057710350486,0.0001127535797084865,0.00944191046308937,0.0,0.03337960868473096,0.0,0.018637966417575424,0.002451073857369394,0.0,0.007570646880083219,1.1257965010244749e-05,0.030845477046122106,0.003979362874543983,0.02964894249038153,0.0010401460036755126,0.0,0.004268472068006512,0.03889979211304805,0.008912208389730149,0.027222711115114644,0.05609939047345102,0.007516603859226696,0.006537406919317531,0.00366971323146239,0.005421432809441043,0.0003802332068641917,0.0,0.008266320160778584,0.00013471649726065366,2.8646728543600322e-05,0.009197719349569712,0.0006871384549904551,0.00018511375958277164,0.002862858706883356,0.006216967224487461
27,0.005988705647988788,3.4666851556541634e-05,0.01104537026102215,0.0,0.0005940489909077714,0.0,0.0021644901909624193,0.011537623019251608,0.00020300446609825416,0.010684631760864944,0.0,0.00011271937618493583,0.0,0.004302371658716319,0.0,0.0027143979013754564,0.0,0.0002407034500372977,0.012134250672187954,0.0,0.0010028853143380899,0.00017965067678302397,0.0,0.008140218351934419,0.022188985769958574,0.0,0.0,0.007821238748426856,2.4975024975024975e-05,0.0,0.02488561675249472,0.0,9.818039010341668e-05,5.672793283412752e-05,0.00017077939260670417,0.025394433895848573,5.8498676882584604e-05,0.0005156386457304911,1.1257965010244749e-05,0.0,0.0014556907280488859,8.99685110211426e-05,0.0003885309589556473,2.7554281935412764e-05,0.0,0.0,0.0015400487298719103,0.0,0.00020413309405627875,0.0002796681271557752,0.020188399655867214,0.0,0.0009248196121780783,0.005837736802992105,3.641660597232338e-05,0.0022282615445869316,0.008153324403667336,0.00013954608231682257,0.0,2.576323586242432e-06,0.0,0.0006470418380712349,0.007965307365225622
28,0.005557736388097633,0.00011248786322969338,0.0021886346191608585,0.0005034436447474983,0.0,0.003286590484631048,0.0035257291483437045,0.0015752483772512723,0.00020300446609825416,0.00024448230726257635,0.0023537968612412363,0.0013587331568913892,0.000686450881060108,0.005852655290371553,0.00020554984583761563,0.002127913036139828,0.00020026702269692923,0.006160812993238195,0.0001910164056995787,0.00011061946902654867,0.010641906136737206,0.0009455102759760514,7.112375533428166e-05,0.005800799232012116,0.0006101361626959096,0.0010188955173723714,4.8895083937814475e-05,0.00597964741167714,0.006564604596923989,0.0002849545365986917,0.0009404734163136984,0.00023701941166992828,0.003298001958407689,0.00029330618215173,0.0038672473811355327,0.0005660937246726503,7.664222866428139e-05,0.009635454619858978,0.0,0.0011064147606814991,0.00482817659599367,0.01061149167411659,0.005263453454973277,0.0,0.00012141820031765074,0.005485575221655504,0.004973698489963445,0.004305365965201605,0.004612911809785959,0.006039223424605741,0.0006514231201878576,0.0002383751705149182,0.008848196325570726,1.4122299110295156e-05,0.0,0.01486795789512466,0.006783509675833872,1.3708770871603651e-05,0.00025826446280991736,0.0008232885831984925,0.00036738015755694,0.004019596705726618,0.0005908114576440673
30,0.005089715775823398,0.000562439316148467,0.001277477921736254,0.0018645356972866805,0.007855756259209097,0.008499836953513674,0.028781539766690276,0.0070277371874257,0.007382725881507854,0.006270012996470396,0.0014421131026078815,0.0018555117594232814,0.00154722147028114,0.002861628542325122,0.003605333373901099,0.0008537765575666858,0.0028121438638536106,0.002371690943548535,0.004453071455616424,0.0017529277711133234,0.005889147147062205,0.0029180449461307656,0.002395232374608978,0.002448593081731871,0.0021123401706985984,7.785130400934215e-05,0.0025368085953044166,0.0017975504158574567,0.0014370230529926347,0.0048668757205371,0.00014066117371209258,0.0072157900693771695,0.00023559713837040375,0.010738872873945756,0.01037790036415128,6.519797268265132e-05,0.009152319202801329,0.0017208395961039364,0.00048455008468978734,0.0010566230263326826,0.004319498928965752,0.004798178232555315,0.004544165657352785,0.000631853216444862,0.0,0.00025718949507605763,0.002470445045506657,0.005298752052772715,0.0023136794020759644,0.0024258217472982644,0.0009430045707103682,4.0439987059204144e-05,0.0017334815970277587,0.0010146677977136962,0.02856934790147279,0.006100886300173704,0.010221756675378328,0.018902826542458763,0.0,0.00073613870431841,4.0887532028566754e-05,0.0055124523252617,0.000511199937625718
31,0.004678442411307646,0.0029862484558413104,0.019713697137278243,0.0064174112940964916,0.0067296596106275215,0.006292754721365293,0.006728531666444108,0.0057211879193921015,0.010844342421687123,0.0073913795886890055,0.0070158053713394695,0.008581778187877491,0.007335060649419287,0.003340748352518731,0.009780254361839307,0.030379391678088875,0.006877496007365604,0.005280220490344972,0.006507833805422556,0.004962929589363679,0.0025237676886242944,0.02071518348519733,0.005393532564438485,0.0026571947626178247,0.010020971177863408,0.015444941064104743,0.0032121249276916932,0.00482373607027458,0.00591637450002469,0.003959836260727604,0.0038828799800051596,0.002726822671785068,0.007060509642704773,0.0041159530681053125,0.012093651643031798,0.0031952190703430144,0.003922504101848499,0.003525747130140541,0.0033894708979180935,0.0077221286301356095,0.005593737120876773,0.005363518338201883,0.005158323814084114,0.004344829154704609,0.006443525261061843,0.008864529855827103,0.004180902847840824,0.0060430337382290375,0.011634526899838116,0.0037370215187273056,0.007451748147223141,0.008455996580942845,0.006850713041605725,0.005410670863544898,0.0035976931503755756,0.007130062935141372,0.0034871280025435673,0.005808371031353638,0.005731337916575246,0.010212028408707274,0.0015161028854735335,0.007741898917775269,0.016453672708693953
33,0.004241819886247453,0.00751481299729059,0.000826702479492023,4.974629390110437e-05,0.06350396095106761,0.06108528470761044,0.005805535029066987,0.006541031915150073,0.00020300446609825416,0.02791395616507724,0.0006934285289786021,0.000509561234379085,0.0006830168735578844,0.0031572010732768578,0.0005376496655548563,0.0023258735688803504,0.0001335113484646195,0.009124774243207937,0.008483659003005076,0.0003261971626424943,0.00040425148212773867,0.13791141411770963,0.0003015339076102645,0.0028160825839655857,0.016324706533289997,0.02657521941566888,9.43110945954383e-05,0.0019054646006479927,0.01692046546609284,0.000231648334071924,0.005284304763874115,0.00045963739920332094,0.008375554104045816,0.00023657824931760252,0.03666543505425079,0.005629009702411973,0.00021178313421114735,0.0008980474448646992,0.00460194449695148,0.016926231201108366,0.001237540640788851,0.015496981119899174,0.0025144067472161157,0.006856350926669454,0.00048567280127060296,0.01101101719539191,0.0009176621602115457,0.013121288552284206,0.019723142031013705,0.002129939397984431,0.0015323824274043481,0.0007104493156051591,0.0010278734406278052,0.0006305031901542641,0.02569194053242325,0.008528725523265153,0.013139023914460934,0.04310094426648385,0.0016100770374704405,0.003627581174763977,3.804017041996348e-05,0.0119530209943383,0.00040242997056747946
34,0.0044214233829938145,0.022983032666965404,0.007422338652104989,9.949258780220874e-05,0.013050510761645318,0.003515738055666795,0.00248301573214013,0.004760036332631672,0.0,0.008944800424621053,0.0010960910753555699,0.000976416894481357,0.00025178596749036444,0.003179876818483659,0.0004980960943091324,0.01637790876680109,0.00021316855856613114,0.00039472336994693933,0.002012274319784133,0.00026355622052272483,0.00042080588490680837,0.029197870943528652,0.0,0.00278586120989376,0.009838789308607803,0.00019462826002335538,1.5138670219207945e-05,0.002744046846783881,0.006636927711072198,7.708515339945526e-05,0.0030510001594854274,7.420599584446424e-05,0.00975007956549365,0.0,0.009559353393709908,0.004385276475136313,0.0001936395824294506,0.0022249646321052287,0.004243611722284803,0.0011064147606814991,0.004270908064048357,0.0006094702297233943,0.0033158493438901287,0.006166764929026585,2.6690866385522874e-05,0.0036983754178172555,0.001959217828119887,0.0004798464491362764,0.006759845370156252,0.0030844625553638305,0.005085672905155652,0.0002383751705149182,0.0020074035249372088,0.009073917679311417,0.012070811827309107,0.0005284252007952963,0.005538870235871719,0.013703224215255808,5.165289256198347e-05,0.0028847039481698575,3.804017041996348e-05,0.0008603069265762466,0.006301642959351659
35,0.004036867228956649,0.0,0.004457101086814684,0.004885197565771671,0.014502460857552347,0.005876656318398343,0.0,0.0004858767147774198,0.015561365907742278,0.010051649065101979,0.0,7.843875502008031e-06,4.210526315789474e-05,2.3352482368875813e-05,0.0,0.0024885250122733127,0.0,0.0,0.006619984950658289,0.00011795067663304382,0.0,0.0,0.0,0.0,0.006993415926541215,0.0017651254943937844,0.00012110936175366356,0.0,0.0003174107261559733,0.00047287716944616925,0.0032649088268853427,0.0010366850666607128,0.00013741674826698707,0.0004164285658010775,0.0,0.003208308162677812,0.0013795601159570649,0.0,0.0043631475368259235,0.0019005705954131319,0.0007159520502292166,0.0,0.0,0.01307487125298213,0.013289527286342556,0.0,0.0004191690982479767,0.0005135396384348344,0.00025693440396003144,0.0,0.0026041126685902626,0.010746074056452698,0.00016679626026344026,0.002085290357311684,0.02100913162351964,0.0,0.0017405841428497412,0.018318078426114097,0.008298745703210708,0.0,0.00044061313678826373,0.0,0.0023216943452543017
36,0.0041550426012090715,0.0,0.002643358270560685,0.0,0.0,0.0,0.0004227096959117007,0.0051887610459460005,0.0,0.0,0.0,0.0,0.0,0.004043353035071227,0.0,0.00655205053438028,0.0,0.0046648818167095984,0.0,0.0,0.006761732480800849,0.0008880774506112236,0.0,0.002448593081731871,0.0,0.0,0.0,0.009693146024502214,0.0,0.0,0.0,0.0,0.0,0.0,0.0,0.0,0.0,0.009352527194661425,0.0,0.0,0.003264428434051257,0.0003422219944538399,0.0065071376844332875,0.0,0.0,0.0,0.0032230922005754177,0.0,0.0,0.00597639784792172,7.056736158716077e-05,0.0,0.0008945401752244527,0.0019061663041299763,0.0,0.0006004774736516575,0.02036006315884245,0.0,0.0,0.0,0.0,0.007338835301255748,0.0031820715742135698
38,0.0034727075781731225,0.006085702392228582,0.0018249856536259302,0.03279546599657082,0.0011565006550173962,0.006217443180912714,0.005254977870274596,0.001333552856109874,0.0230616001436647,0.00017247326664367022,0.021023921026063597,0.025568121488387476,0.022484715830723024,0.0026600315719097272,0.024019705792033448,0.00691047602878214,0.023328518063127607,0.006239313063625667,4.649000464900047e-05,0.025453682566748636,0.005224295703735575,0.003666269759559913,0.025505173522477054,0.003272270916670226,0.007769831578756822,0.0036732263478957104,0.03373450495984209,0.003230701675710877,0.011483459506273195,0.02665847807533927,0.0013709978607324485,0.024217976089576473,0.014985114111953003,0.024007859046746106,0.008723666723133685,0.0011190983570105026,0.04110334233218357,0.0038210011737169463,0.0007928169405379678,0.005595374057613279,0.001807720096265881,0.006047060743929498,0.0017080148342371903,0.000589574159506927,0.005006398798356784,0.017791777767222246,0.0011600551082856653,0.011951294719263842,0.00612964384918716,0.004904336693824582,0.0006770102730668501,0.00419330068731189,0.0006852489604185369,0.0015395209618191909,0.00024330256767399953,0.0035530018221703015,0.0025655731647965044,0.002048189645669068,0.007699785465272191,0.03608188606202071,0.0069672014469391655,0.0036996990729691002,0.0012402857315529712
39,0.0031402177951589862,0.00739312020818456,0.0012299302891314256,0.00043181455676406924,0.014171070660373736,0.0019960985366256558,0.004330495119895923,0.0040659267400925,0.0004433890814828696,0.01222353464505931,0.0074156989687684804,0.006894764684014588,0.007940312205937328,0.001328717864681334,0.00746365942502799,0.0013412811564320532,0.004614547068125974,0.0013456324834874506,0.004726955096406849,0.006026806997159538,0.0008570985517761304,0.0009853083155769984,0.003669523550142588,0.0009318691508756478,0.00664063799684061,0.0015899600603727646,0.003986453805053044,0.0013389865975040969,0.0015904152881339195,0.0027505973619752393,0.0035718925955365967,0.002238382424308676,0.0022051775337342244,0.00205314327506211,0.008399324839147857,0.0027315052443298016,0.0013251294606119743,0.0018018620206548402,0.00992650378051236,0.006289946423647278,0.00031533181709482596,0.0005027512522515854,0.000977422567079798,0.005918047442350319,0.0,0.0025898839333512204,0.00044561041948650747,0.0016080052939016192,0.03679947463323026,0.0013578111259550038,0.0012089988683538862,0.0,0.00018397189833839473,0.0011802039863419976,0.008936496464017004,0.0008702373873284851,0.009866488186595478,0.006296782319462517,0.0012693812623418416,0.006419982596881268,1.3629177342855585e-05,0.00813771596173859,0.0007963042756635243
42,0.0023814396289891498,0.0006232857107014817,0.001735909066253734,0.0034743592193313844,0.0019041928504250683,0.0028704920816640988,0.003449638015791537,0.001924788846015481,0.006661572035354009,0.0017833851914569403,0.0021224198576608034,0.004463163816177947,0.003438575866558387,0.0024804336095390605,0.004356422145436025,0.005244341716877683,0.0037596248389751494,0.002237759169987757,0.0005134269843323892,0.00172694286702603,0.0012779044366829388,0.003621836600114336,0.001436545782717041,0.0013685649981139214,0.001654015459520028,0.00241413432956265,0.00087663243760047,0.0023657797752003884,0.0035403474852144057,0.0014289977573879455,0.0009625885390704165,0.00124490163005757,0.004685188564002423,0.0013434085271093027,0.004072074570733759,0.0007009430074501391,0.0014965574697222341,0.0014808591400763593,0.0006340155829393324,0.002595142961447131,0.001904901826100672,0.0032457943517237324,0.0034503089798469232,0.0005023918283038751,0.0018359277395403203,0.004146147565501721,0.001232038983897528,0.004429918166258999,0.006215964158692819,0.002831141027822082,0.0006824353226352251,0.0016545976057856407,0.0008904683360281693,0.0004932115997465529,0.0006963945155827412,0.003253698104186498,0.0027467853627089335,0.0010042401179609652,0.00264206830980765,0.005436316423526189,0.001221955707147917,0.001362756514792074,0.001041775814784685
43,0.0023467287149737974,0.0,4.6512398263895934e-05,0.006887010733288755,5.450779461462989e-05,0.005147016866186557,0.000634050231382785,4.6550158668680625e-05,0.002457330022798963,0.0,0.0006084779948173236,0.0005943913053227618,0.0007087977106616651,0.001226510352098871,0.0009961921886182648,4.752851711026616e-05,0.0003466799070307506,0.007328245680597048,7.479139407707755e-05,0.00011795067663304382,0.013132565019803363,1.9446172993154947e-05,0.0,0.0011599633172279678,2.4578867905429566e-05,0.00801436642800784,7.917242437623036e-05,0.0006833612143315036,0.032467266573730454,0.00018600653258701326,1.452748554781501e-05,0.00032562683165092806,0.000752537334737213,0.00011345586566825505,0.0002993992332229543,4.660700969425801e-05,0.00028842536287542874,0.008661745377043992,7.37716962941953e-05,0.00918383979118731,0.0,0.00787727459945981,0.000488711283539899,0.0,0.004552654069802896,0.0003991542878074602,0.0,0.023651406279232526,0.00040618071011395415,0.0056825468105561,2.0162103310617362e-05,0.003725079849962667,0.00017990005914211144,0.0,0.0,0.006154489395281448,9.895111814763506e-05,0.0,0.003086069870060216,0.00031443673049494857,0.0032541444395494806,0.0013247968091891719,0.0
44,0.0030581213868560607,0.0,0.004106163637238695,0.0,0.0,0.003482623254318761,0.0003421602243548779,0.004403867403881802,0.0,0.0,4.0749796251018746e-05,0.0,0.0,0.0050744681573146036,0.0,0.006805386048530527,0.0,0.0008128856101096413,0.0,0.0,0.0,0.00015002857048597294,0.00015928639694170118,0.005879751819749859,0.0001460280291193009,0.0,0.0,0.003059624585851517,0.0018627190300194102,0.0,0.00016998299063164936,0.0,0.0,0.0,5.577867078706266e-05,0.0002607918907306053,1.8143551781696786e-05,0.002815066214933213,0.0,0.0,0.001989172632403747,0.00020551351330831677,0.0012152401042368382,0.0,0.0,0.0,0.0004720517407250382,0.0,4.766329071937088e-05,0.0018867502478986501,0.0031213642101350562,0.0,0.00043257450978032415,0.008895328060686599,0.0,0.0003732260285242151,0.0027801654394746162,0.0,0.0,0.0,0.0,0.0024742882354762343,0.005300191787853736
45,0.0022111978857136984,0.016526635068123734,0.015843730614287517,0.0010287700835773217,0.013887458187594272,0.006479705553296495,0.0038346378924656267,0.0033032347457976202,0.0004807692307692308,0.0070040406363276325,0.008730727266490086,0.0069395036265868385,0.007534140273534681,0.0017330430676337988,0.004981068213624781,0.007918607834128812,0.004958978980270424,0.0027347919835395275,0.008440188452266267,0.005884541379608544,0.0041573280199143185,0.0032051024211834605,0.0064344453774543816,0.0006540611249851349,0.009068186879384488,0.004386894297367723,0.004865530996850404,0.001474518220315301,0.003718353889456551,0.003465096240669212,0.008078309768042791,0.002846431815200926,0.0007854431208273334,0.0026023607424936275,0.00296904968146667,0.00823063741026957,0.0021415892907883298,0.002133951354516008,0.007624936608309015,0.0035319197392967307,0.00543607121232936,0.0025551816357945603,0.0032124914426898826,0.006170555465165848,0.0,0.0009227711527541169,0.008866665835356818,0.00221240394409529,0.007055134089654065,0.002855456315487895,0.007087998664353159,0.0,0.016926153781637962,0.006267130839463885,0.02448662519932475,0.0014614902721058341,0.002790895761013373,0.025773584903526398,0.0,0.003866263971585528,5.451670937142234e-05,0.0071336802067178875,0.011396341929185937
46,0.002787059728335863,0.0001556420233463035,0.005633826139560734,0.0010347507893137763,0.003654742496350236,0.005970131734363945,0.0016523715954236498,0.0006230415182888388,0.0004807692307692308,0.0019703764098382933,3.5914380117799164e-05,0.00026552961184837397,0.00012059244363664489,0.00023025224397962499,0.0003004355086139701,0.00436438955336748,0.00014641288433382137,0.0007459197233292523,0.001674694579840592,0.00020824648600945047,0.00043736028768587813,0.0015965042244394235,0.00021337126600284495,0.0,0.004711922164565958,0.004335055420134249,0.0001734835189716687,0.0003186068789127407,0.0014537933549340393,0.0002078693831992365,0.005184671685788338,0.0003112254075143925,0.0003730138866373908,0.0005769458463223676,0.001778262307973157,0.008729707015678514,0.0010063564813423663,0.0002940964869669802,0.005165025667756298,0.004807972482810129,0.003105744915767354,0.002008347711212468,0.0005221047250679829,0.0012701211863561691,0.0004710180664950437,0.0005056278823560122,0.0022143449316172075,0.005970537081563502,0.0007180019019763417,0.00022292439517384465,0.0012198489674906362,0.002081967011976371,0.0006721451615398657,0.0007570694475900317,0.004894421621331883,0.0011917303584290063,0.004209591491845946,0.005094473475297135,0.0027980935663960605,0.00020464526476954195,5.451670937142234e-05,0.001431429353441678,0.0006218885910892783
48,0.002137095180947539,3.4666851556541634e-05,0.0005545616440680691,0.018919911913327613,0.0005395411962931414,0.003202197006421958,0.002426129568730007,0.0001282200757134236,0.006132686842187452,0.0016109119248132703,0.012850569133162092,0.019103898475014865,0.019734704873867255,0.0017350732791200202,0.013077370237517441,0.00017834437199187782,0.00993085949641005,0.012097289455919459,0.00046188059257981184,0.00867304033633197,0.018582216637546577,0.0006445474413894682,0.006636714177667548,0.0026971623794228338,0.0011667736363512662,0.01057166209299689,0.0056431508894768,0.0018238900702320566,0.022462717890474545,0.006502171365630049,0.0007739603498515049,0.00373470489017271,0.019382271067107607,0.004097891207195555,0.014944180021340582,0.0011549725452993306,0.005532315994072462,0.008333859113174014,0.0005489859216348924,0.006971010269824311,0.0037968927286696277,0.013403932041506993,0.001240506652844016,6.152331733727083e-05,0.00558941753672511,0.008664709328424154,0.00201749453791642,0.027002189624229993,0.018232251439158662,0.009206776311565528,0.0004040319722929315,0.00396854266051647,0.004546363548908186,0.00017965848773859666,3.641660597232338e-05,0.0098867496805236,0.00036838411266894246,2.7417541743207303e-05,0.008205343865038153,0.01098012354573296,0.005531658364122444,0.003220716045243775,0.0003888100902501957
50,0.0025530494221987455,0.001325110050392383,0.005193210312517694,0.003446495719512605,0.011342631942224613,0.0025900658337672956,0.001668661588501655,0.003986742495542381,0.003103723570380087,0.005983138270133786,0.00367504504957004,0.0035274188587850423,0.004115023782822228,0.0018579263254230637,0.0028859089134694437,0.005137065254894445,0.0033461892577120885,0.001389159500052077,0.005596150435903703,0.0034059072071452806,0.0008570985517761304,0.0024688649282874845,0.004770457652703088,0.0013285973813089123,0.008900445956681921,0.006340284427329592,0.004643152393940921,0.001717845634778799,0.0027875546506725213,0.003279875455829315,0.007647900349304588,0.003275067490969389,0.0025519741851329075,0.002317449903270563,0.0017019005568057253,0.008912730250284768,0.002492906442357892,0.0008239497078486627,0.010393571993959176,0.005183531662965779,0.003360592554149558,0.0012550986901419946,0.0025559270816651056,0.016016327297050322,0.00652203614127083,0.00285144898232533,0.0049800655676750455,0.0012527110458227374,0.0018246849785148887,0.0011713657078511537,0.006078334545260265,0.008069478605910608,0.007620063629819393,0.00375244644568042,0.009774990067477205,0.0003732260285242151,0.004135675431272573,0.010667337028232726,0.00846467490675053,0.0028187350340052467,0.00014707358916280817,0.003128576646103669,0.0047921373786685454
51,0.002671224794451168,0.0,0.00034479841371955677,0.0,0.006961914397920861,0.0,0.010237999446679339,0.004479906823121381,0.0,0.005076637363632879,0.0,0.0,0.0,0.0019259535610434697,0.0,0.002678639080714377,0.0,0.012134872227606012,0.003384783869406222,0.0,0.00024297793760326563,0.0025744603393278807,0.0,0.0008129489463328959,0.005948102287983549,0.0,0.0,0.0007402290534336342,0.0006502907738649183,0.0,0.001107329702900713,0.0,0.0,0.0,0.00018669409823365688,0.0009816335988570965,0.0,0.0006242978640558091,0.002134619802710828,0.0,0.00024295432458697764,0.015950335104232508,0.000718401927776033,0.002078234333276767,0.0,0.0,9.84251968503937e-05,0.0,0.0,0.000761995894573459,0.0006149650095729725,0.0,0.0006852489604185369,0.00015141388951800635,0.010198136163958522,0.007013632156051575,0.0019635214367192738,0.010978763481811149,0.0,0.0,0.0,0.00440092060457754,6.913716814159292e-05
54,0.0019077657515458764,0.0,0.0011294905063683272,0.02017158999545517,0.0,0.007676722085336285,0.0002726850378858628,0.0,0.017420418345357444,0.0006614378811688229,0.0030140799590499963,0.0020260433832790968,0.002682671410340694,0.0008428306828669866,0.002356148508057041,0.0004260199035742904,0.0032923351193489808,0.002505622717109313,0.0002789400278940028,0.0035108654317346773,0.0020853397801218598,8.241981181724922e-05,0.006244049418208135,0.0011502170744947847,0.000464110842721541,0.02777527203888102,0.008089315521481115,0.000829613219738816,0.007182655747294531,0.008865819734221105,0.0013335160635764838,0.007189186096265884,0.002696079484251308,0.008886184126381733,0.002152798297855643,0.00048335332224301483,0.008277360695742388,0.002377769680453318,0.0,0.02474118904001313,0.001552872457883677,0.0015611624539006285,0.00012951031965188244,0.0,0.028306105078247313,0.0022573364880114103,0.002288274828013328,0.011370368702231893,0.002464859834604237,0.003037851200837868,0.00031872755696352834,0.02846907449086633,0.0037467335237408935,9.492469307682572e-05,0.0,0.0017293801480986113,0.00024201263459970948,0.0,0.02180026329262049,0.0005876272330153439,0.014298328059126508,0.0012181642649366662,0.00044398145588944683
55,0.0014026937868885613,0.010813063117140776,0.004062010411524415,0.003126135162023654,0.004988990144046343,0.003567016732527851,0.0020122793008885524,0.0016290861487215332,0.0022650613698116744,0.003724725697819868,0.010451889541299313,0.011944766334371804,0.012707446794797427,0.0008194782004981108,0.013765130386845823,0.002314103872431164,0.015236518383711225,0.0021547968667285965,0.008994066533427273,0.015903017685810775,0.007099766351812309,0.004512737783340915,0.015238949987696655,0.00045618833270464053,0.008929365777817045,0.005535572984142042,0.017087985575198007,0.0007002582697560633,0.003106266357216928,0.010470506044253954,0.0037334487601079114,0.009990214763895416,0.0017079450111436908,0.008432360663708713,0.0026114989895335804,0.002922905029412119,0.006754198540889416,0.0009498690147069365,0.004289101171575045,0.0024187507186867485,0.0005096952767644081,0.0020612564083583402,0.000977422567079798,0.0025255175977098162,0.005505164615455365,0.003911322606914359,0.000308009745974382,0.0013486803356499927,0.008740033088820872,0.0013942901030249983,0.0011702127566955343,0.010342572229482944,0.0037589490413297436,0.0013598624740805943,0.0030994743408953125,0.0028287390182385893,0.0018753006401103947,0.0059851681498168125,0.011932122918647457,0.00508695191487491,3.804017041996348e-05,0.001971838647260407,0.003105951504820806
69,0.0013726637496086639,0.0,0.000792901597187067,0.007020347526646199,0.0,0.002276524784522459,0.0024009801475817555,0.0015393000613770024,0.008109247634217184,0.00011498217776244682,0.0007486845736292795,0.001196045408537582,0.000470624025162097,0.0021148036314806978,0.0006008710172279402,0.0016918601865344557,0.0003466799070307506,0.007154878620341735,2.3245002324500234e-05,0.0002765486725663717,0.0057588471664627595,0.00043154523207940103,0.0005149051736131094,0.0015069776881230402,0.0003469972164474992,0.004114414733335027,0.00046685402259855557,0.0024734571737144405,0.004454195994119949,0.0005162099967970576,0.0004571391517193881,0.00037102997922232116,0.0026631736981611873,0.0009656460332325949,0.0012954579545766058,0.00035164963918975353,0.0002580777464812492,0.00127891283518634,7.37716962941953e-05,0.0069642560098958275,0.00019436345966958212,0.002842739218488719,0.0008894325818769055,0.0,0.003625272671588367,0.002142111785666755,0.0006032853365255631,0.007285524227914937,0.0021323352143800696,0.002358945637860366,0.0004893363876223346,0.005749136423419319,0.00016272442106715694,0.00011637535902071284,0.0,0.0020822869611901587,0.006728668955990676,0.0,0.006162235793169019,0.0008366403747765393,0.0023190090873016914,0.0023983688242704302,0.0006754871925082656
71,0.0013750041879763914,0.0006926194138145651,0.0008876837761696184,4.974629390110437e-05,0.007713950022819365,0.0024453117409406386,0.00019583653634815327,0.0011105753480626739,0.0,0.004227627546013196,0.0002969858732088325,0.00034542092644686593,0.00015926369929231604,0.0006173155990218784,0.00029254624847151677,0.000447822546054559,6.675567423230975e-05,0.00029613515321060365,0.004878574817754389,0.00018792282635930844,0.0006792706044725877,0.0001889209164722828,0.0,0.0005751085372473924,0.004947572922267862,0.00016870882140661812,0.00016182392203265139,0.0004910801455564109,0.0016120286557548915,9.703190375121425e-05,0.0035670497908678557,0.0,0.00041225024480096115,0.0,5.463087737189059e-05,0.0040896589293582895,1.8143551781696786e-05,0.00022844619417669319,0.003177491668384598,0.0,0.00031533181709482596,0.00013053975412403128,0.00016696720764041941,0.0035072664577789677,0.0,0.00043464548599031087,0.001067996989146872,9.596928982725528e-05,0.00018342966569449837,0.0001864454181038501,0.00171540031076193,0.0,0.0016444198487465243,0.0021101379893939225,0.0065485976488485285,0.0002383460716858013,0.0009155951209029779,0.011273647358782625,0.0,0.00014950191978608417,0.0,0.00046448988261292535,0.0009742114108633558
74,0.0008826068035912974,0.05321908290125667,0.0,0.004387734626760627,5.885122410546139e-05,0.0005095738189325502,0.0005158195655578832,0.0006018378327000176,0.0037127369686748494,0.0,0.020745594824676358,0.02426226182282178,0.017004328602549725,0.0005825696909989836,0.026525750242797103,0.0,0.02219367160117834,0.0007459197233292523,0.0,0.018471947667650444,4.8595587520653125e-05,0.03617856796154241,0.018220211291253025,0.00034701437089507207,5.783422398038263e-06,0.0009345876007486275,0.022190469671131665,0.000126207416999406,0.0004232744441869917,0.016681188824756804,0.0,0.0163177317583008,0.04178771059608893,0.020488184860925348,0.03977611630936424,3.3777121806009586e-05,0.01547546561274157,0.00011978697585137511,0.0,0.0006312721118282163,0.0003520293682169951,0.0010734059534859002,0.00016290376117996633,0.0,0.00021614553424977858,0.052597442194546755,0.0009632047145848779,0.000772864596686461,0.041366446973605295,0.0004458487903476893,0.0,0.00011024663747755694,0.003733629724862222,0.0,0.0,0.0003418121865331888,0.0019110660192234136,0.0,0.0005264328725712475,0.028716618164340534,0.0002504122846884463,0.0009895426099083035,0.0
76,0.0010401739665945274,0.001506213999418892,0.003747618473219266,4.974629390110437e-05,0.04898216958678575,0.002683541249732897,0.00294194913428789,0.0017500186116333766,8.012820512820513e-05,0.02991162632418238,0.00047310683213858747,0.000790778597231475,0.0005650128259664591,0.0011290399996509248,0.0003874319112478713,0.021684634641596888,0.0006266041398291914,0.00022879876342861807,0.009871337713937896,0.00023590135326608764,9.719117504130625e-05,0.03552192654784833,0.0002844950213371266,0.00034701437089507207,0.014099601816981845,0.0002011778607968875,0.00016182392203265139,0.0003416806071657518,0.000518331478407524,0.000245453909768732,0.0029924328999472085,0.0,0.0014266019531472855,0.0002462447672986949,0.009863266599500823,0.002503701146610346,7.664222866428139e-05,0.00032443424616338706,0.004553068425588192,0.00527636087173493,0.00036392268201222147,0.0010839876929150747,0.0005261681715284359,0.007195312331430484,0.0,0.002071129389301054,0.00017040907246225663,0.0011904349452940403,0.005520599811452609,0.0001864454181038501,0.005541669089287153,1.5749519639650992e-05,5.152691422486345e-05,0.0013915040384395363,0.031138418080406117,0.002217166918028573,0.0006461621263816704,0.06306284601039,0.0,0.0014867198510765823,0.0,0.0008829100656557975,0.0011124857471465415
78,0.001298561044842504,0.004856105587945756,0.0037310791061237023,0.002517218223737492,0.0008480209256552689,0.0023096395858704924,0.0021105762535554,0.002448270991663586,0.0018964325869015274,0.0010354203179315288,0.0074626686556266975,0.0059288061109406265,0.006630841615427253,0.0018131404660702978,0.0052499466816689384,0.002518174119053039,0.004745810421704293,0.0009118443298475737,0.00040527781372365763,0.0033449362281948542,0.0015208823742862043,0.0060703496617940285,0.0035132053634426164,0.0016258978926657918,0.0008501414193521671,0.0046595598377186815,0.0038234075059219467,0.002725635221436769,0.0019365235524931345,0.0032790897080821986,0.0013286355359864996,0.0025496078318230685,0.0025129168163583186,0.00146653091075865,0.0026332298633291217,0.0017014267737421784,0.0016013507588749205,0.003351437619024936,0.00015257745136590853,0.0013190902179337325,0.0009341021374892516,0.001271849156592661,0.0027359704985313437,0.00019929472701433462,0.007526871535476331,0.003733866616000106,0.0030673633043206195,0.000739171407387903,0.003679382360573146,0.0015442565440588539,0.0014625841132986288,0.00680270846287878,0.006383787255675492,0.0012576094141701767,0.00010924981791697014,0.0008185043299047913,0.002191229335283477,0.0005905186182120696,0.006389721836222238,0.004458573678126522,0.0005474068246226659,0.001796533264358297,0.003273730210328939
85,0.0009463753664529638,0.000735773573931175,0.0006974452579204967,0.0,0.008127101911919921,0.0,0.006039781503699229,0.0008778245547192708,0.0,0.004961074467800925,0.0,0.0,0.0,0.0005932863794909289,0.0,0.0005825616330858996,0.0,0.0011283679036659154,0.007988420633893609,0.0,0.01197054140257391,0.0069639679258645185,0.0,0.0,0.00822671652991198,0.0,0.0,0.0,0.001334881848189833,0.0,0.007825394602844246,0.0,0.00975658912695608,0.0,0.001527754985046233,0.008800925267907857,0.0,0.0,0.016942595099769635,0.0,0.0004492110980517861,0.0023982112589707527,0.0,0.0268849607271298,6.803646754660499e-05,0.002603010595045375,0.0005440356163369012,0.0,0.0008962935484864581,0.0,0.0026785461261837726,0.0,0.003579048982187632,0.0008321467783936366,0.01617792129243644,0.00107716961702326,0.0013531246894506216,0.016761133874289257,0.0,0.0,0.0,0.0,0.0007325772445528386
87,0.0006903287265727149,7.782101167315176e-05,0.021039059383316884,0.0021291692551380723,0.00022671803744018257,0.034017511689567716,0.0063642228719136135,0.0026442449116345114,0.00136754739373497,0.0060400486409455025,0.00048622860606426746,0.0015202587500252975,0.000996243732033979,0.003016975072962367,0.0005297604054124031,0.02842853599483634,0.001199354141295275,0.002746696670148207,0.006883755817241561,0.0004921263661823173,0.0007609749975513802,0.002166996400086264,0.00037265766294454614,0.0035003650830225464,0.02928361023389299,0.001265548630947462,0.0004866941431963995,0.0021747764900713644,0.02490900734246742,0.0007973323328748208,0.02595008909038128,0.0009336762225431775,0.0022576120042116393,0.000766462680786935,0.00250797620186566,0.020755964467118068,0.0010063564813423663,0.0013434262234888867,7.880575507171323e-05,0.0024820509728925313,0.009573099995420756,0.010245448903010528,0.0016917610483953777,0.00011021712774165106,0.0003375637345674293,0.0013569298717459894,0.008860298757645216,0.0016988643056604557,0.0028410281411748225,0.0012645884169030788,0.01721440598315458,0.00027881515757412234,0.005333778056486629,0.0085907066191829,0.0003161357796186463,0.005533692706197123,0.000681927505494689,0.00042355499415203975,0.0006297386576952144,0.0006700946383697761,0.0004025729663683002,0.0022077068748449697,0.012225296102514938
94,0.0006729732695650388,0.002137987018680442,0.00019681099835163,0.0,0.0020373122278331377,0.008008427010094145,0.002960425359413925,0.00010370216013177186,0.0,0.0001295001295001295,7.66641763688179e-05,0.00028760867877598633,0.00022299392861286206,0.0032206022548639827,0.00010277492291880781,0.00048139488498401446,0.006520162559351952,0.0019256276002983816,0.0010167411944576245,0.00020824648600945047,0.0008747205753717563,6.297363882409427e-05,0.0021277762395449894,0.0025577670435414394,0.0010568886107885393,0.0,3.027734043841589e-05,0.0005402567419075378,0.0016916163684224522,0.0,4.6365940563258416e-05,0.0,0.00013741674826698707,0.0,0.0022290828479303464,0.0007475500171443972,0.0,0.0017880332977067907,0.00010754559132492953,0.028798043162511958,0.0,0.0020639137061522136,0.0013032300894397306,0.0031196112426135573,0.0,0.0,7.198387561186294e-05,0.0,4.974876871797423e-05,0.006391849505901505,0.0003489707119294544,0.0,3.842311534619227e-05,0.0023886525709045855,7.283321194464675e-05,0.003336845003601218,0.006252988705982678,0.005778495116009644,0.0,1.340189276739552e-05,0.0,0.003837044750268308,0.0007687185928438988
100,0.000872272661686804,0.006604269930944171,0.0005931052538316108,0.0008238042022364494,0.0207253699190472,0.00045829514207149406,0.001811284306489266,0.0014935784602065293,0.0009615384615384616,0.005306601719157773,0.008699648302505508,0.008706118309582645,0.009061727058277583,0.0011298278429142349,0.010048918288816551,0.0009074147885583049,0.011410137870503765,0.001669298236783909,0.0016079790267772842,0.01255409017634811,0.0022156397607213055,0.004063557765497633,0.010323276614083273,5.946010227137591e-05,0.0024130700079617916,0.000837087494418689,0.010656401457223947,0.0007788036603268947,0.0008665004197323589,0.005741293206811375,0.0010613069824622757,0.007438408056910562,0.004894568467134119,0.004522715115925298,0.0012374608980519272,0.0011062684691222542,0.0033137593843457964,0.0003129206364341882,0.012564620055567837,0.0008439475690804494,0.00019436345966958212,0.0012083587200176142,0.0016746213927091064,0.015369749305602937,0.0016705453348959919,0.005237136834375549,0.0009240292379231462,0.0003216010587803239,0.0016682151751779809,0.0007721282720294269,0.0004288500776904825,0.0006048788740671976,0.0007964464672608303,0.0005598916946027883,0.015063523599959744,0.0006522105310753512,0.002340250568579637,0.02077630201113088,0.00046487603305785124,0.005942717205616862,0.0,0.0028854618459629067,0.0004956613709031125
111,0.0005200869832972637,0.0012635460385231004,0.0003886385532067319,0.004503129302908707,0.001364651654131927,0.0006965246508637522,0.0002786008649225377,0.00027930095201208376,0.007532246478653299,0.00142333998836241,0.0119050374615962,0.013581521330600244,0.01525277852971886,0.00030764269376782846,0.014144780308484699,0.0014838667077628517,0.00862829306816116,0.000931191470193244,0.0004952383691114657,0.009178159154557932,0.0007444205947723106,0.00611659420846888,0.008337747885206848,5.946010227137591e-05,0.0015007588296894123,0.01085640396514448,0.008450198852545214,0.00030322439341073324,0.0043600790844136855,0.007772036263184808,0.00034179617910954285,0.009070939965488776,0.007734932239892809,0.0106254170082775,0.006531004460117932,0.00021549261872430596,0.010820629771907878,0.00033326754259227834,0.0025799043443431,0.006715297338151745,0.0003401360544217687,0.0010178399585461543,0.00016290376117996633,0.0009266402961983255,0.008451634330525263,0.015889353261039338,0.0002360258703625191,0.004175703486075792,0.00641145263750618,0.0004559811678036573,0.0003799829143768217,0.012709751526793897,0.0002101794960957371,0.0001655361886283015,0.0009090873143505494,0.0005284252007952963,0.000860754401059782,0.000449743349094854,0.011126551110461007,0.01619487035319032,0.0022587976547130623,0.00021326508850501172,8.118428423861298e-05
112,0.0003822157156694374,0.1530580020940397,0.00014902264970885923,0.0,0.0003084797293621274,0.013089214273584636,0.0,3.429120087785474e-05,0.0,0.0008054559624066351,8.978595029449791e-05,0.00020626480459908262,5.270634337496939e-05,0.0001268023631742504,0.00015021775430698505,0.0,0.00029282576866764275,0.0,0.0009237611851596237,0.00011061946902654867,0.0,0.003147669595818633,0.0,0.0,0.0017638977759378228,0.0001492459954042826,4.8895083937814475e-05,0.0002831798050028268,5.945575337210318e-05,1.188947543634375e-05,0.0031372881609996427,0.0,0.007460098743358835,0.000179850316483475,0.0012909439820086455,0.004767039227514749,4.0355125100887815e-05,4.5689238835338634e-05,0.004553800683794138,0.0003688049202271664,0.0,0.0,3.339344152808389e-05,0.011204970617513327,0.0,0.001964655794752502,0.0,0.004367642065730302,0.004983790745547909,0.0,0.0005971309073058219,0.0,0.0,0.0006903893527337964,0.01121713721370481,0.0,0.00010729613733905579,0.0011450153870781808,0.0,0.000487645837393398,0.0,0.0,0.00021247571927062792
116,0.0007564377278021089,7.782101167315176e-05,0.006472806690765621,0.0264317416732484,0.000285569261545644,0.007652689221744764,0.0007655986642825884,0.0005120517453554869,0.02474966035791249,0.005622512348969749,0.0022964743494052965,0.0022808240004686398,0.0012563414414066025,0.0005779436369657029,0.0010278564997215356,0.008005818404049887,0.0009194299084968342,0.006626223476834019,0.0022598935043398657,0.0004718027065321753,0.007716022207618286,0.0014205829738863918,0.0006912304568279484,0.0006940287417901441,0.004515291221322522,0.0259971403310993,0.0003469670379433374,0.0009188789929057558,0.010835048981436814,0.0006331886509000307,0.0048948084150816805,0.00023701941166992828,0.0072310111664508625,0.0003500341149858576,0.006228239047742189,0.0033455137163846686,0.0006675684846593414,0.0009982592189642678,0.0007446731273806254,0.021976408095734097,0.0023422196103572318,0.0030826552478784323,0.00036326441034846964,0.00019929472701433462,0.01749258148996806,0.004816104777077832,0.0033881072057182025,0.02069983092774933,0.010958234557833842,0.0032546937513096216,0.004594798422570434,0.019868713257723478,0.0028906164638626327,0.0005988616257953223,0.0002797191736463229,0.0008388235453374587,0.0014794961675198546,0.0003214476640488491,0.018775750262073673,0.0011618525732632922,0.005876450420702758,0.00202515491938666,0.004116650186160279
118,0.00050039108792186,0.0007704404254877167,0.0,0.011175252772247173,0.00034442048565110534,0.00022914757103574703,0.00711723251313731,0.0004368408836141163,0.010352837377806928,0.0,0.024620255921130967,0.0298087519402453,0.02495554094641453,0.0006727070407653538,0.05083853863596935,4.752851711026616e-05,0.05483318900554571,0.0012117007099266726,0.0003405991938537338,0.06178945492402153,0.0010680353046378125,0.003545863295370991,0.07777057502162715,0.001100503214956592,0.0012853324409385844,0.0,0.0673920941914897,0.0003846805306884274,0.0026377045008223717,0.11145239610329435,0.0,0.09971613729834503,0.013120223668155028,0.08367849228245879,0.008556485112957951,0.0,0.060902991832150796,0.0015165781779950664,0.0,0.0,0.0,0.0007250152320105684,0.0008894325818769055,0.0,0.0,0.010550118386013291,0.0,0.001828526784786269,0.003594483169127421,0.000938308935221341,0.0,0.00012131996117761242,0.0,7.740542782817897e-05,7.283321194464675e-05,0.000787090487913765,0.0025524575409104125,0.0005493923055972587,0.0013309381018552378,0.046491175685412264,0.001597877949530667,0.001240767404016217,0.0
123,0.0004042520494125688,0.0,2.6265538050678237e-05,0.009935536101592524,0.0,0.0033891478383531602,5.764353239566521e-05,1.1430400292618248e-05,0.006041822823948281,0.00035946448502502317,0.0023455105034487756,0.0010975612237782502,0.0010508166080152623,0.000173507327912002,0.0006404245884736642,0.0,6.675567423230975e-05,0.004463243150365238,0.0,0.00023590135326608764,0.010852842889598889,3.8892345986309894e-05,0.0007623542121622301,0.0004659345754378239,0.0,0.006132370989440912,0.0006438166148504149,0.00016314906083187217,0.008140671115956288,0.00036395579025861127,6.0550205986252166e-05,0.00045963739920332094,0.0014459516481455984,0.000179850316483475,0.0004393426058054689,2.3303504847129007e-05,0.0002258586644553499,0.003248180331543603,6.251373128395054e-05,0.006871426801126677,0.0002915451895043732,0.0022782532442758956,0.00032987096882038574,0.0,0.003928289730273487,0.0016943396379822898,0.0,0.009210020302528462,0.0001492463061539227,0.004415927081704808,0.0,0.003480307551687289,0.0,0.0,0.0,0.0011603165164379803,0.0,0.0,0.006483123674394792,0.0008211573826644102,0.0015620775100191459,0.0007690309488470918,0.0
133,0.00046333973553878006,7.782101167315176e-05,0.0058356929515980555,0.0,0.0009025287202698987,0.0,0.00016109894311364575,0.000764349109291296,0.0,0.002113813773006598,0.0004958994383307065,0.00015920155158703444,0.00017444345617902214,0.0008428306828669866,0.0,0.004118900503516692,0.0,0.0009509091135405112,0.0019011056952652086,0.0,0.0,0.00030005714097194587,0.0,0.0008226951890660792,0.0017552239969132316,0.001842883810243996,4.8895083937814475e-05,0.0007757745204817901,0.00016401849101468875,1.188947543634375e-05,0.002627872880752548,0.00023701941166992828,0.002120195255944652,0.00012312238364934746,0.001826006424854015,0.003103053584195907,0.0,0.0001700857890027303,0.0004651461077856612,0.0004253509145044662,0.0027785197848773013,0.0006950257283368543,0.00016290376117996633,0.00028837232628701825,0.0034091271373385885,0.001383669962132737,0.003008113584131958,0.0003216010587803239,0.002451531255049695,4.661135452596253e-05,0.004209369600026096,0.004674727224281323,0.004303609339242183,0.004334323240783984,0.013886994703573904,0.00049701135880427,0.0007534582637207263,0.004964760887383457,0.004448852970574612,0.00016805645972596458,0.0,0.0006777549711179371,0.0034015301947353683
148,0.000347504801654085,0.005366903435417544,0.0019095602295774827,0.002976896280320341,0.004557271216620135,0.0021226887539392905,0.0004663067172164545,0.0002556115939286396,0.0012500390393204034,0.004688136975132491,0.0010180424245127733,0.000942717350926451,0.0007129535816027947,0.00032366217345512825,0.0008934172656994571,0.001567154045534197,0.0009194299084968342,0.00013021054669228242,0.0025752107626757156,0.000331858407079646,4.8595587520653125e-05,0.0034384564971013196,0.0003015339076102645,0.00016863406408094435,0.004578895321976282,0.008404180877009334,0.0007835437201034771,0.0002493856941537073,0.0004968985387236338,0.0009043376118019145,0.004486895062146258,0.0006080493908922494,0.002440774672104628,0.0007290677839149923,0.0030361518842199967,0.0044216690723182395,0.0009015631921896798,0.0003033156355990133,0.0035195324192635125,0.002694726430144764,0.0007159520502292166,0.00013053975412403128,0.00012951031965188244,0.0027119828177912604,0.016137089345367152,0.002368185636458014,0.0018936010302196245,0.0011567417559954821,0.0023313302892519665,9.322270905192505e-05,0.00394104730133911,0.015721838241131963,0.004584786664254378,0.0027654888116304256,0.0047471796138670586,0.0003732260285242151,0.000582976387347054,0.0029403012230564177,0.012581669470245496,0.001146990058366044,0.0005008245693768926,0.00021326508850501172,0.0020090043243968696
195,0.00036954113539721637,0.00018182156634277666,0.0,0.032073055030146055,0.0,0.007975312208746112,0.0009533045165765052,0.0002556115939286396,0.03364428152034729,0.0,0.005826477404030161,0.004725497904510986,0.006963826907459685,0.0003009864282483262,0.007787869984602778,0.0,0.0068516929356272,0.0012589489533597945,0.0,0.009930501814924287,0.00034016911264457187,0.0,0.00993358006486559,0.0005751085372473924,0.0,0.00959768389944794,0.014788506195007135,0.0003278126915862967,0.006635446302746683,0.01767297783900761,0.0,0.025714298555440503,0.0,0.02544539040356148,0.0,0.0,0.029845395851883248,0.001265876468766259,0.0,0.007828466358761726,0.0,0.0013071532558541219,0.0003217440758994795,0.0,0.002029562729517753,0.001383669962132737,0.0,0.008725063575323766,0.0001657787785184964,0.001690172452338832,0.0,0.0021496412864745705,0.0,0.0,0.0,0.0010254365595995664,0.000681927505494689,0.0,0.003148693288476072,0.0025248838416055634,0.002647741443738507,0.0011494914262870622,0.0
203,0.0001331903908923712,0.0010739547809365231,0.004056545535952003,0.0028315980754899882,0.0032917549723734786,0.003796164303563598,0.0033808915733385316,0.00015025231880045248,0.001447675598863175,0.004890226863321034,0.0018254339844519711,0.005170274497685645,0.0030572154117844206,0.00040906236308698156,0.005178728799319944,0.004560613335689898,0.006743984658900985,0.0014918394466585047,0.003911343081855957,0.006345672952195538,0.00017782794730354277,0.0033606718051287,0.006169957452632123,5.946010227137591e-05,0.009235884455768142,0.010311723801556476,0.009396788871779789,0.00032163601875784536,0.0005550533117073041,0.007492830027367508,0.005906241809889998,0.00784043975956774,0.0023359057311497984,0.006746042189489791,0.00209701962706858,0.002835452085123748,0.008987155771134339,0.0010742862169960132,0.0020282640588411074,0.01290566029310139,0.0018196134100611073,0.0026628021964464335,0.00036326441034846964,0.0005767446525740365,0.0017532365372181558,0.002683230866205618,0.001494506175498578,0.0027259435825301246,0.0010423359618303492,0.0011612333303951856,0.0020946141776573106,0.003761666529280854,0.0007236720757647291,0.0008525285752237462,0.00035545580412403566,0.003833856362405488,0.0007069625630689512,0.0008247969098297246,0.0012078244228284454,0.007089977032872346,0.00027767063937415745,0.00021326508850501172,0.0016586001910281142
204,0.0001922780770185825,0.0,0.00755980537821481,0.0,0.00010901558922925978,0.0,0.002707674034686116,0.0002196632780543696,8.012820512820513e-05,0.00017247326664367022,0.0,0.0,0.0,0.00013413536585582644,0.0,0.014555682456698544,0.0,0.0006473315065929166,0.0001910164056995787,0.0,0.0010349264990796732,0.006240730098887794,0.0,0.00045618833270464053,0.0010525530758487096,0.0031929263341334627,6.403375415702242e-05,9.847158584049584e-05,0.0,0.0,0.0014093565696610881,0.0,0.0,5.672793283412752e-05,0.0002242624765634227,0.0019493887765845352,0.0,0.0002050331225151537,9.939957943104819e-05,0.001638103403812082,0.00714559196902396,0.0015823259327589776,0.0004593812884722682,8.907759927268359e-05,0.004632726668959464,7.535795026375282e-05,0.01350591325810735,0.0004512635379061372,0.0009263059520298271,0.0006221618309955714,0.0013656396927518915,0.00726239979654739,0.003994447853893001,0.0010039424647417525,0.00011729615603740072,0.0019270877889190777,0.000681927505494689,0.0,0.007267821009775958,0.0,2.725835468571117e-05,0.0011341348597637111,0.0034586202467799415
283,9.613903850929125e-05,0.0,0.0004164207576742273,0.0027440668991606893,0.0,0.00923855834348197,0.00012193163584401509,0.0,0.001816304381773322,0.00024448230726257635,0.0005628927824330854,0.0012216106722319673,0.002481302447890483,0.00010277314364330077,0.004048097376679601,0.00029912728084240765,0.0039060377233089702,0.0013300065700102754,0.00012128139872607803,0.005661632478386103,0.0005986338322103511,0.0001065011046550336,0.007342015310526905,0.00011892020454275182,0.00045109611046725574,0.0074502234384175,0.004249546968241515,7.539785758748472e-05,0.00947443241169477,0.0076470003341664195,0.0003411861131607948,0.006504731834367385,0.0005431574316055168,0.005885456678996785,0.0009153373998037157,0.00042627269558987617,0.001926063225313743,0.00023612193399615906,0.0002469429720194388,0.02072737239193463,0.0006187703203944255,0.0007461787108689175,0.00013357376611233555,2.7554281935412764e-05,0.024011999028073293,0.0011750983269336844,0.0004328762640633065,0.048827147875856625,0.0010465069178275561,0.0013172816161311318,0.00021558903936697466,0.02025055503681612,0.00039822323363041516,1.4122299110295156e-05,5.317319969195205e-05,0.0005912528847773489,0.0,2.8646728543600322e-05,0.027621803310660914,0.0007124315172060448,0.03251863024760242,0.0003732139048837705,4.661570016781652e-05
661,0.0,0.19022108818302802,3.5871350986820864e-06,0.0,0.0003673309534675888,0.0,0.0,0.0,0.0,0.0001295001295001295,0.0,0.0,0.0,0.0,0.0,0.0,0.0,0.0,0.00024761918455573287,0.0,0.0,7.778469197261979e-05,0.0,0.0,0.0008400197528693671,0.0,0.0,0.0,0.0,0.0,0.0015164631877336307,0.0,0.0016687086529801206,0.0,0.0004132521616274237,0.0030648231249777113,0.0,0.0,0.00027952701959496417,0.0,0.0,0.0,0.0,0.004262166308898371,0.0,7.098239636570131e-05,0.0,0.0,0.002778917856089481,0.0,0.00013028462403757152,0.0,0.0,0.00010225305991041769,0.008104721363719697,0.0,0.0,0.0015211104185461639,0.0,0.0,0.0,0.0,1.5538566722605506e-05
662,0.0,0.11279773901984805,0.0,0.0,0.00028122583205481244,0.0,0.0,0.0,0.0,0.0003019733961437997,3.5914380117799164e-05,7.843875502008031e-06,2.0480296995243435e-05,2.3352482368875813e-05,0.0,0.0,0.0,0.0,0.0002193177951276558,0.0,0.0,9.723086496577473e-05,0.0,0.0,0.0010438820059690507,0.0,0.0,0.0,0.0,0.0,0.00190748516562714,0.0,0.003540287647629506,0.0,0.000272083794537009,0.003579597298097368,4.0355125100887815e-05,0.0,0.002685527830006875,0.0,0.0,0.0,0.0,0.010105860926978528,0.0,0.0012062139712184837,0.0,0.0,0.003090890399576122,0.0,2.24901043540842e-05,0.0,0.0,3.164156435894191e-05,0.007906545657617219,0.0,0.0,0.0005819143106093184,0.0,0.00018247385157105244,0.0,0.0,1.5538566722605506e-05
663,0.0,0.009461055906435652,0.0,0.0006367804381049414,0.0,0.0,0.0,0.0,0.0012126588900340423,0.0,0.004807732497754692,0.003870806148043547,0.004614986400608428,0.0004405356914007433,0.0022610483042137717,0.0,0.0014641288433382138,0.0,0.0,0.0,0.0015507883173946756,0.0,0.001422475106685633,0.0017652932285471862,0.0,0.0036925031975797848,0.0015527950310559005,0.0012297946290674927,0.0,0.0018562331253492042,0.0,0.0,0.0022509234533602263,0.0007374631268436578,0.0019091005343270231,0.0,0.00048426150121065375,0.0014509278852047793,0.0,0.0008507018290089324,0.0,0.0,0.0006344753890335938,0.0,0.008226071267831116,0.0041106563673188705,0.0,0.0004512635379061372,0.0,0.0,0.0,0.01080275016267455,0.0,0.0,0.0,0.000674399784192069,0.0007510729613733906,0.0,0.007577738365147858,0.003332614280907904,0.00023108838412838416,0.0,0.0
664,1.9695895375403767e-05,0.005903880825885805,1.9091267853314064e-05,0.0,0.0,0.0,0.0005490710457908389,3.5119758376062375e-05,0.0,0.0,0.0,0.0,7.433130953762069e-05,5.47147045814015e-05,0.0,2.1802642480268608e-05,0.0,0.005110204153956558,0.0,0.0,0.00024297793760326563,0.026945630999009783,0.0,5.946010227137591e-05,0.0,0.00016225220879221642,0.0,0.0005372276020624332,1.9011406844106464e-05,0.0,2.783483919813395e-06,0.0,0.0009619172378689093,0.0,0.012793600109222555,0.0,0.0,0.0036113791290074615,0.0,0.00010633772862611655,0.0024145971028650803,0.004026423030420365,0.004769792855128466,0.0,2.6690866385522874e-05,0.00014196479273140261,0.004907108681671053,9.596928982725528e-05,0.00979793445982862,0.006189189865639597,0.0,0.0,0.0200290958714288,0.0,0.0,0.0010457557750322337,0.0,0.0,0.00018573709744264851,0.0,0.0,0.005276584097677138,0.0
665,0.0001181753722524226,0.002796657198254733,0.0008507771908418651,0.0006467018207143568,0.002113537169901925,0.0,0.0002660404668331781,0.0003805174396492327,0.0027778428433117837,0.001797903143194623,0.011149451004648439,0.010181347443784256,0.01386566637018704,0.0001668510623924998,0.01265816674463284,0.0006854651316058897,0.009905056424671647,0.00011049290334501528,0.0006316889291482744,0.010804135078262373,0.0,0.002925397146819307,0.01350087029736935,0.0003372681281618887,0.0009484514726840209,0.0,0.014262319868630193,0.0002831798050028268,4.995004995004995e-05,0.013742668829934085,1.9484387438693766e-05,0.015872495783234016,0.0053854704176512025,0.015964198569947623,0.007696849182848572,0.0,0.015130413038615276,0.0004369313343984381,0.0,0.0,0.0013109357430331893,7.49737591842855e-05,0.00029241408083184877,0.0,0.0001067634655420915,0.011233202259283558,0.0022270790870404086,0.0,0.010764528853770581,0.0003526260812957642,0.00011012252072695416,7.874759819825495e-05,0.0034172128424102962,0.0,0.0,0.0004249590859479089,0.0003326187335559238,0.0,0.0,0.00961592647474495,4.0887532028566754e-05,0.00025122479410791363,9.672285096121848e-05
671,3.9391790750807535e-05,0.0019993196124542755,0.00029342292997810396,0.0008636291135281385,0.007523172741668161,0.0,0.0007123848459220463,0.0001379933610096266,0.0,0.0049326192823950675,0.008636105900062368,0.009792349461092115,0.010057125178854558,0.0001327818915316788,0.010531557674441147,0.0008498533254169569,0.011181819781182132,0.0001815505199954963,0.00289965827450191,0.008445121545601498,0.0,0.013981639250863872,0.005071991560313353,0.00017838030681412772,0.0017234219465863516,0.0011226662599984507,0.005730691895527003,7.539785758748472e-05,0.00020092075225155073,0.005630455727363353,0.0007926819227396616,0.0074118040837992775,0.006229678581029401,0.006700251949689182,0.00741007567719251,0.0005053490894021852,0.00932309703136348,0.00012478240237053347,0.001759995004256388,0.0020069083240392485,0.0005582861416818036,0.000357216746290697,0.0002296906442361341,0.0014630011599040585,0.0003883268641728795,0.005605175477898211,0.0007800614866994202,0.0016365882051317584,0.010916676349486029,9.322270905192505e-05,0.00020008293814329097,0.00023156659865516935,0.0019314455755346457,0.00013389462426935958,0.004007897737767095,0.00031039834454216247,0.0004124945109733817,0.005774807555608465,0.0,0.018015477508458035,0.0001061860571342414,0.0001599488163787588,0.000255599968812859
688,5.90876861262113e-05,0.0003551558241254848,0.0015993572164658722,0.0012397166706546487,5.450779461462989e-05,0.0026413445106283516,5.764353239566521e-05,0.00023109367834698785,0.001656047971516912,0.0003019733961437997,0.003120438624929415,0.005449458223349674,0.0029234334918854816,0.00022021229264975364,0.003889990362230162,0.0064548070184281235,0.006117380519071793,0.0002407034500372977,0.00035071196806088755,0.004802661630261008,0.00012923235978288964,0.0006880749072204076,0.003675459970626048,0.00045618833270464053,0.0006433861004809983,0.0006943910997879385,0.004888850190728438,0.0012729129457284103,0.00045049057406471856,0.003960229134601163,0.00023705345053109763,0.0039861257259791736,0.0013022043278051614,0.005015204650522688,0.0010940741452238963,0.00024220092774221202,0.0037129175235431256,0.0008116437415914952,0.00010443363820856612,0.0002126754572522331,0.0009945863162018735,4.49842555105713e-05,0.0007224653742364861,0.00011021712774165106,0.0024550548727385376,0.000917908831857627,0.0006880033675606271,0.0005472328277333925,0.0008195849174108935,0.0003992374358217268,0.0018743691362034022,0.0033564437704902347,0.0003466963194055517,0.001624254756480962,0.00029937918589901765,0.0,0.0003051983736343259,6.977304115841129e-05,0.0039213535191009044,0.004087852850597052,0.0004326786826626147,0.00030454106623416656,0.0011194686483977125
1391,0.0,0.0,0.00912735981086843,0.0,0.003209993280451534,0.0,0.006085622006991077,0.00016168271909307075,0.0,0.0030057967277698217,0.0,2.3531626506024098e-05,5.915155265091458e-05,8.009739843649878e-06,0.0,0.007483004715836959,0.0,0.00014992819003954955,0.0009005161828351234,0.0,0.0,0.0003009628345865831,7.112375533428166e-05,0.0003967282304332646,0.0045470878533595376,0.0003569734569747022,0.0,4.3118316660917556e-05,0.0,0.0,0.004389549499253685,0.0,0.00041225024480096115,0.0,0.00022311468314825065,0.004695031646490544,8.071025020177563e-05,0.0,0.002145145509515127,0.00010633772862611655,0.0027428398434916224,0.006230556646945721,3.339344152808389e-05,0.0019340481701332576,0.0013062907339430395,0.00029268069325890826,0.008091998415976867,9.596928982725528e-05,0.0009574367703846242,0.0,0.0030942181036940383,0.0008747530838614178,0.0034023324809519823,0.001324289509026412,0.0024104622459542348,0.003211189635637113,3.57653791130186e-05,0.0012882490297961824,0.0006506131305004998,0.0,1.3629177342855585e-05,0.00010663254425250586,0.0043931988587266515
2356,1.9695895375403767e-05,0.0,0.0,0.002765949693243014,0.0,0.0,0.0,0.0,0.004759771541896999,0.0,0.0,0.0,0.0,7.874392411235114e-05,0.0,0.0,0.0,0.0008757597670199381,0.0,0.0,0.0012944588394620087,0.0,0.0,0.0,0.0,0.0004866636382175189,0.0,4.4632886583469904e-05,0.0031167121851532497,0.0,0.0,0.0,7.196315486470927e-05,0.0,0.0,0.0,0.0,0.0007686554681781492,0.0,0.0010566230263326826,0.0,0.00027607426008491965,3.339344152808389e-05,0.0,0.009505671135388635,0.0,0.0,0.004007237539583002,0.0,0.0003262794816817377,0.0,0.0029273534324786403,0.0,0.0,0.0,5.173305742369374e-05,0.0,0.0,0.004490601916185183,0.0,0.2839836257918652,0.0003425007718370684,0.0
Other,0.13471401626976254,0.12206920366869733,0.20217140770538788,0.15418139014206356,0.13051661096811817,0.2255883510611042,0.12904208543208007,0.1187014201062846,0.1537927675755021,0.14231367370380843,0.15298640217759973,0.16993547963751787,0.14027679337948096,0.13939849217303968,0.16115702777536411,0.24035700625014578,0.1469630566475163,0.21197215297820327,0.11404856048733059,0.0911891495910041,0.22260690344721212,0.20007939361012494,0.10248822119012135,0.1716504058828795,0.12882963568703676,0.17517649556899284,0.07782997223511479,0.15462998075820322,0.16952389815507707,0.0898222355824595,0.1062292648694757,0.11936654224416166,0.24795511217434607,0.10944618842211529,0.24574431056183133,0.12763225483664375,0.09985034425302797,0.1474830097698352,0.09199852572014533,0.191378661674096,0.19510631477721974,0.19616978994060918,0.15131232758758106,0.07670383141561365,0.28636985018909566,0.2432176614472411,0.2308953471587718,0.25473835376289744,0.22343026969518265,0.1929876693319169,0.1474647693181863,0.3113767174835881,0.205127538147306,0.15728942460720075,0.13872228885941373,0.18924304084315835,0.16058677871500593,0.14411551081024454,0.30979652721909345,0.14133602596728856,0.17797881058608978,0.25481406774971793,0.17261492755383878
