FBH06NOV07.R2,20925.0
WSE30OCT07.R1,8803.0
WSE31JUL07.R1,30979.0
SSE10SEP07.R1,2688.0
TBE13JUN07.R1,130.0
MAH08AUG07.R1,54876.0
WSH16JUL07.R2,5063.0
SSH13JUL07.R1,57900.0
NSE30OCT07.R1,56896.0
TBE20SEP08.R1,33345.0
NSE07JUL09.R2,2570.0
SSE01OCT07.R2,3460.0
TBH29JUL08.R2,9226.0
HKH04JUL07.R2,5913.0
MAH01OCT07.R1,34420.0
CBE16OCT07.R2,19272.0
CBE27JUN07.R2,7101.0
MAH23JUL07.R2,9899.0
FBH06NOV07.R1,47097.0
NSH08JUN09.R2,2538.0
TBH16OCT07.R1,48024.0
HKE27AUG07.R2,3240.0
HKH09JUL07.R1,13833.0
MAE06JUL07.R2,16397.0
NSH21JUL09.R1,10449.0
NSE25SEP07.R1,14586.0
SSH10SEP07.R2,19792.0
CBH21JUN07.R2,8941.0
SSH01OCT07.R2,3454.0
NSH10JUL09.R1,8429.0
FBE06NOV07.R1,35607.0
NSH01OCT07.R1,12791.0
TBH22OCT07.R2,25074.0
FBE13JUN07.R2,3842.0
CBE25SEP07.R1,32218.0
TBH20SEP08.R2,3818.0
MAH30JUL07.R1,7084.0
NSE06AUG09.R1,109427.0
MAE01OCT07.R2,11105.0
TBH25JUL07.R1,9523.0
TBE07NOV07.R1,77577.0
SSH24SEP07.R1,6697.0
NSH10JUL09.R2,3245.0
TBE07NOV07.R2,35625.0
FBE02OCT07.R1,14976.0
CBH21JUN07.R1,19447.0
SSH27JUL07.R2,78.0
CBH25SEP07.R1,14576.0
FBE05JUL07.R1,19529.0
TBH10JUL07.R2,6284.0
CBE02AUG07.R2,7776.0
CBH29JUN07.R1,22077.0
WSE13JUL07.R1,15974.0
WSE27JUN07.R1,6767.0
NSE16JUL07.R1,13546.0
TBE18JUL07.R1,47739.0
TBE12JUL07.R2,38426.0
TBE06NOV07.R1,63744.0
NSE13JUL09.R2,7692.0
MAE27AUG07.R1,45104.0
TBH13JUN07.R1,25599.0
CBE18JUL07.R1,40164.0
WSH03JUL07.R2,31.0
MAE18SEP07.R2,29046.0
TBH04JUL08.R2,5300.0
CBH02JUL07.R2,32735.0
SSE25JUN07.R2,1758.0
HKH07JUN07.R1,3487.0
TBH08JUL08.R2,12762.0
SSH14JUN07.R1,6516.0
TBE02AUG07.R1,139387.0
TBE17SEP07.R2,25829.0
TBE17SEP07.R1,54914.0
WSE31MAY07.R2,2211.0
SSE19JUN07.R4,4850.0
TBH17AUG07.R2,4595.0
WSE24JUL07.R1,6241.0
CBH01OCT07.R1,21849.0
TBE10NOV07.R2,7982.0
WSH21AUG07.R1,11456.0
TBH25JUL08.R2,7824.0
CBH25SEP07.R2,6561.0
WSE29JUL07.R2,2904.0
MAH23OCT07.R2,3408.0
TBH01AUG08.R1,132584.0
WSE25JUN07.R1,7424.0
TBE22MAY08.R2,7349.0
FBE16OCT07.R2,20075.0
TBH01OCT07.R2,19528.0
TBE05JUL07.R2,3861.0
FBE16JUL07.R1,7409.0
MAE30JUL07.R2,6490.0
NSH06MAY09.R2,10193.0
SSH24SEP07.R2,2888.0
TBE14NOV07.R2,14812.0
FBE10JUL07.R1,17948.0
HKE23JUL07.R1,12892.0
HKH28JUN07.R2,5781.0
MAE26JUN07.R1,8838.0
CBE21JUN07.R2,45829.0
CBE09AUG07.R2,4006.0
CBE25JUL07.R2,33453.0
TBE24SEP07.R1,43881.0
TBH08AUG08.R2,2972.0
WSE19JUL07.R2,3763.0
TBH10NOV07.R2,3878.0
HKE10AUG07.R1,21759.0
TBE16OCT07.R1,15278.0
TBE04JUL08.R2,2182.0
NSH26JUN09.R1,95872.0
NSE05JUN09.R1,71401.0
MAE15OCT07.R1,46096.0
SSH03JUL07.R1,5829.0
MAE16JUL07.R2,12223.0
MAH20JUL07.R2,4684.0
MAE26JUN07.R2,4220.0
CBH23AUG07.R1,16478.0
WSH24JUL07.R1,7410.0
CBE10JUL07.R2,9769.0
TBE29OCT07.R2,88138.0
SSH25JUN07.R2,4011.0
TBE16OCT07.R2,6948.0
WSE11JUN07.R2,13131.0
FBH21JUN07.R1,4255.0
WSE16JUL07.R2,12503.0
MAH05NOV07.R2,15781.0
WSH31MAY07.R1,7535.0
TBH06AUG07.R2,3309.0
TBH17NOV07.R2,4409.0
WSH31JUL07.R2,3108.0
FBH16OCT07.R1,19917.0
MAE26JUL07.R2,6086.0
WSE17SEP07.R2,12583.0
WSH30OCT07.R1,63851.0
HKE09JUL07.R1,9115.0
MAE12JUL07.R1,20484.0
FBH02OCT07.R2,12926.0
TBH29JUN07.R1,30046.0
TBH04MAY08.R2,13338.0
SSH23AUG07.R2,9876.0
MAE10AUG07.R1,53433.0
NSH07AUG07.R2,6198.0
FBE25JUL07.R2,22045.0
NSH05JUN09.R2,14079.0
TBH22MAY08.R2,24418.0
NSE17JUL09.R2,22851.0
CBE19JUN07.R1,22221.0
SSH05JUL07.R1,81590.0
MAE01AUG07.R1,14196.0
HKH01AUG07.R2,8169.0
TBE25JUL07.R1,49598.0
MAH05NOV07.R1,32888.0
TBE09NOV07.R1,7490.0
NSE02AUG09.R1,10464.0
WSH19JUN07.R2,2989.0
MAE24AUG07.R2,12544.0
HKH27AUG07.R2,12481.0
SSE19JUN07.R2,3326.0
TBE25JUL07.R2,22232.0
SSH29JUL07.R2,5820.0
FBH27JUN07.R1,7910.0
FBH23AUG07.R2,3953.0
TBE19AUG08.R2,40699.0
CBH23AUG07.R2,7854.0
FBE18JUL07.R1,8908.0
SSH19JUL07.R1,8639.0
TBE16NOV07.R1,6738.0
TBH27JUL07.R1,184838.0
NSE08JUN07.R1,4736.0
MAH15OCT07.R1,18624.0
WSH21AUG07.R2,5246.0
FBH09AUG07.R1,13935.0
TBH26MAY08.R1,17896.0
TBH05NOV07.R2,24099.0
CBH29JUN07.R2,10243.0
TBH08NOV07.R1,59141.0
TBE02FEB08.R1,10051.0
NSH02JUN09.R1,10591.0
MAH22AUG07.R1,24679.0
NSH15JUN09.R1,62120.0
WSH19JUN07.R1,6845.0
FBH09AUG07.R2,6286.0
WSE23AUG07.R2,7874.0
FBH10SEP07.R1,66455.0
NSE17JUL09.R1,61058.0
FBH16OCT07.R2,9141.0
WSH27JUL07.R2,3931.0
FBE27AUG07.R2,8515.0
HKE04JUL07.R1,10822.0
NSH13JUL07.R1,10138.0
FBH29JUN07.R2,3197.0
NSE30MAY07.R2,4206.0
WSH02OCT07.R1,26306.0
FBH17SEP07.R2,8850.0
NSH22JUN07.R2,4846.0
WSE27JUL07.R1,7430.0
SSH27JUN07.R2,1342.0
TBH25JUL07.R2,4351.0
FBH22OCT07.R1,21641.0
TBH01JUL08.R1,29028.0
NSE08JUN09.R1,69274.0
TBH11NOV07.R2,4592.0
MAE23JUL07.R2,3311.0
CBE31JUL07.R2,5709.0
TBE27JUN07.R2,13730.0
MAE30JUL07.R1,13742.0
NSH27JUL09.R2,3646.0
NSH05JUL07.R1,9155.0
TBE28SEP08.R1,9665.0
FBH16JUL07.R2,3846.0
NSE21JUL09.R2,11621.0
WSE10SEP07.R2,18275.0
SSE01OCT07.R1,8442.0
MAH04JUL07.R1,13670.0
NSE15JUN09.R2,4026.0
FBE31JUL07.R2,9127.0
HKE17JUL07.R2,3365.0
SSE07NOV07.R2,4583.0
SSH23AUG07.R1,23444.0
WSE25JUN07.R2,3219.0
NSH10SEP07.R1,10536.0
NSH13JUL07.R2,4017.0
MAH24AUG07.R2,7450.0
CBE29OCT07.R1,13613.0
TBE19AUG08.R1,118379.0
NSH07NOV07.R2,1656.0
MAH11SEP07.R1,14298.0
NSE11JUL07.R1,8543.0
TBE19JUN07.R2,19510.0
TBH10NOV07.R1,8783.0
CBH18JUL07.R1,35137.0
TBE10OCT08.R2,3869.0
NSE10JUL09.R1,9636.0
MAE26JUL07.R1,12621.0
MAH10AUG07.R2,18642.0
HKH08AUG07.R1,139871.0
TBH27JUN07.R2,4705.0
TBE27JUN07.R1,29839.0
NSE21AUG07.R1,5217.0
SSE24SEP07.R2,9563.0
TBE13JUN07.R2,43.0
NSH17SEP07.R1,8337.0
NSH22OCT07.R2,9926.0
HKE09JUL07.R2,3823.0
TBH23AUG07.R1,65799.0
CBE10SEP07.R2,6576.0
NSH25SEP07.R2,4073.0
FBE02JUL07.R2,9637.0
CBE12JUL07.R2,5276.0
WSH07AUG07.R2,11778.0
TBH08NOV07.R2,26626.0
FBE21JUN07.R2,14804.0
WSE22OCT07.R1,6740.0
TBE15JUL08.R1,52600.0
HKH28JUN07.R1,13086.0
WSH08NOV07.R1,18559.0
FBH17SEP07.R1,19970.0
MAH11SEP07.R2,6666.0
NSE11JUN07.R1,10160.0
SSE09AUG07.R1,41166.0
TBH05JUL07.R1,28325.0
HKE12JUL07.R2,3778.0
NSE07NOV07.R2,2465.0
TBH17NOV07.R1,9321.0
FBH28MAY07.R1,5073.0
NSE08JUN07.R2,1838.0
NSE05JUL07.R2,3116.0
NSH08JUN07.R2,1437.0
WSE17SEP07.R1,27847.0
WSH05JUL07.R1,7253.0
FBE27JUL07.R1,32621.0
NSE11JUN09.R2,32788.0
SSH16JUL07.R2,8773.0
NSH03JUL07.R1,10494.0
WSE23AUG07.R1,17203.0
NSH07NOV07.R1,4549.0
TBE27JUL07.R1,35405.0
NSH02AUG09.R2,13195.0
WSH25JUN07.R1,2113.0
NSH19JUN07.R2,6700.0
HKE20JUN07.R2,4572.0
TBH14NOV07.R2,13268.0
TBH29OCT07.R1,49990.0
WSE16JUL07.R1,27177.0
TBE02JUL07.R1,18346.0
NSE02AUG09.R2,4062.0
TBH17SEP07.R1,8689.0
WSE10SEP07.R1,40023.0
CBE31JUL07.R1,12016.0
CBE17SEP07.R2,5464.0
NSH22OCT07.R1,24838.0
WSE05JUL07.R2,6248.0
NSE03JUL09.R1,7428.0
HKH24AUG07.R1,6619.0
NSE12JUN09.R1,4788.0
WSH19JUL07.R2,2479.0
NSE13JUL07.R1,9571.0
TBH19JUN07.R2,4661.0
TBH09NOV07.R1,14784.0
HKH30JUL07.R1,4464.0
FBH27JUN07.R2,3558.0
SSH19JUN07.R2,3985.0
WSH17SEP07.R1,20000.0
TBH19AUG08.R2,5850.0
CBE10SEP07.R1,13782.0
HKH23JUL07.R2,3468.0
CBE23AUG07.R2,17791.0
HKE20JUN07.R1,11674.0
NSE21AUG07.R2,2199.0
SSH14JUN07.R2,2586.0
NSH21AUG07.R2,2441.0
NSH07AUG07.R1,15408.0
HKH06JUL07.R1,15024.0
TBE28SEP08.R2,3707.0
HKE01AUG07.R1,8149.0
HKH27AUG07.R1,30755.0
TBE18NOV07.R1,27558.0
TBE10SEP07.R2,11487.0
FBE25SEP07.R1,21988.0
FBH06AUG07.R2,5772.0
NSE22JUN07.R2,7805.0
TBE16JUL07.R1,179631.0
WSH23AUG07.R1,8734.0
NSH03JUL09.R1,2243.0
FBH20AUG07.R2,10404.0
TBH08JUL08.R1,32226.0
TBE19JUN08.R1,4702.0
NSH23JUN09.R1,10502.0
NSE06AUG09.R2,40615.0
SSH29JUL07.R1,13876.0
CBH02JUL07.R1,68854.0
FBE21JUN07.R1,32054.0
WSH22JUN07.R2,2682.0
NSE26JUN09.R2,32168.0
CBH10JUL07.R1,58218.0
NSE23JUN09.R2,3698.0
CBH06AUG07.R2,9622.0
MAH16JUL07.R2,8949.0
SSH27AUG07.R1,49109.0
NSE31JUL09.R2,3836.0
WSE09AUG07.R2,11264.0
SSH17SEP07.R2,1027.0
CBH16JUL07.R2,11598.0
TBH19AUG08.R1,14881.0
TBE22MAY08.R1,18733.0
TBH15NOV07.R2,3961.0
FBH25JUL07.R2,11715.0
HKH20JUN07.R1,14003.0
TBE22OCT07.R2,6635.0
NSE11JUN07.R2,3830.0
NSE21JUL09.R1,30504.0
FBH23AUG07.R1,8600.0
TBH04JUL08.R1,13319.0
TBH17SEP07.R2,4056.0
SSE25JUN07.R1,4371.0
HKH01AUG07.R1,19527.0
TBE26MAY08.R1,31747.0
TBE25AUG08.R2,3855.0
WSE27AUG07.R1,24005.0
WSE31JUL07.R2,14005.0
FBH29JUN07.R1,7163.0
WSE22JUN07.R2,3071.0
NSE27JUN07.R1,46822.0
MAE27AUG07.R2,22367.0
NSH05JUL07.R2,3725.0
SSE22JUN07.R1,12282.0
HKE06JUL07.R1,12174.0
TBE29JUL08.R1,13980.0
CBH20AUG07.R2,51062.0
MAE24AUG07.R1,25963.0
TBH23AUG07.R2,29419.0
HKH06JUL07.R2,6528.0
SSH21AUG07.R2,3400.0
WSH30OCT07.R2,28941.0
NSH27JUN07.R2,1596.0
WSH27JUN07.R2,2790.0
NSE12JUN09.R2,1785.0
FBH19JUN07.R1,4607.0
WSH25SEP07.R2,30057.0
WSE30OCT07.R2,3868.0
NSH11JUN07.R2,4444.0
SSE09AUG07.R2,16591.0
WSE03JUL07.R1,5600.0
TBH13JAN07.R2,19658.0
TBH16NOV07.R2,4683.0
WSH09AUG07.R2,9147.0
TBE30APR08.R1,36686.0
SSE13JUL07.R2,9391.0
CBE21JUN07.R1,97135.0
SSH07AUG07.R1,4154.0
NSH24JUL09.R1,9335.0
FBE09AUG07.R2,8829.0
WSE22JUN07.R1,6689.0
FBH12JUL07.R2,3420.0
TBH12JUL07.R2,3917.0
FBE22OCT07.R2,4425.0
TBE10JUL07.R2,9700.0
NSH11JUL07.R1,5473.0
CBH27AUG07.R1,12768.0
NSH16JUL07.R2,2968.0
NSH03JUL07.R2,4179.0
NSE05JUN09.R2,25761.0
SSE07AUG07.R2,7566.0
WSE27JUN07.R2,3068.0
FBH20AUG07.R1,22624.0
NSE11JUN09.R1,89424.0
NSH17JUL09.R1,27942.0
CBE29JUN07.R2,3725.0
WSH10SEP07.R1,10945.0
MAE20JUL07.R2,3125.0
CBH12JUL07.R2,6850.0
NSE03JUL07.R1,12087.0
WSH09AUG07.R1,19815.0
NSH12JUN09.R1,19354.0
FBE28MAY07.R1,8334.0
CBH05JUL07.R2,8568.0
MAH26JUN07.R1,26491.0
NSH05JUN09.R1,37939.0
SSE03JUL07.R2,8688.0
NSH30OCT07.R1,14521.0
TBH31AUG08.R1,7159.0
NSH19JUL07.R2,1732.0
NSH29JUN09.R2,4209.0
HKH22AUG07.R1,9592.0
MAE17JUL07.R2,6663.0
TBH18JUL07.R1,30072.0
WSH08NOV07.R2,8258.0
SSE22JUN07.R2,4485.0
TBH10SEP07.R1,18174.0
HKE24AUG07.R2,1173.0
MAE11SEP07.R2,74152.0
TBH11NOV07.R1,10003.0
HKH17JUL07.R1,16185.0
CBE27JUL07.R1,17147.0
FBH05JUN07.R1,9848.0
WSE02OCT07.R2,85.0
CBH27JUL07.R2,5410.0
WSH16OCT07.R1,19161.0
NSH29MAY07.R1,33041.0
HKH09JUL07.R2,5996.0
NSH15OCT07.R1,15422.0
NSE03JUL07.R2,4569.0
NSH02AUG09.R1,34837.0
MAE23OCT07.R2,23355.0
WSE16OCT07.R2,6355.0
WSE02OCT07.R1,164.0
SSH06JUN07.R1,6517.0
HKE08AUG07.R2,3755.0
NSE22JUN07.R1,20127.0
SSE24JUL07.R2,38555.0
TBH05JUL07.R2,13360.0
WSH23AUG07.R2,3871.0
WSH05JUL07.R2,3406.0
NSH09AUG07.R2,2540.0
WSE27AUG07.R2,10863.0
TBE12AUG08.R2,2965.0
MAH28JUN07.R1,100797.0
HKH26JUL07.R1,4321.0
FBE07JUN07.R1,32279.0
TBE18JUL07.R2,21456.0
TBH19JUN08.R1,23310.0
TBH15NOV07.R1,8928.0
CBE18JUL07.R2,18644.0
TBH24JUN08.R1,17264.0
MAE09JUL07.R1,23533.0
MAH01AUG07.R1,23137.0
CBH20AUG07.R1,108564.0
HKH04JUL07.R1,13387.0
FBE02OCT07.R2,6798.0
NSE15OCT07.R1,9576.0
NSH29MAY09.R2,2404.0
SSE19JUL07.R2,11456.0
CBE01OCT07.R2,7986.0
HKH12JUL07.R1,19122.0
FBH18JUL07.R1,53714.0
FBE27AUG07.R1,18226.0
MAH26JUL07.R2,11322.0
FBE28MAY07.R2,3717.0
FBH02AUG07.R2,5071.0
FBE02JUL07.R1,21483.0
NSH29MAY09.R1,6430.0
CBH27JUN07.R1,70935.0
TBE21AUG08.R2,5202.0
NSE23AUG07.R2,2021.0
FBH02AUG07.R1,11613.0
FBE27JUL07.R2,15345.0
CBH19JUN07.R1,20927.0
MAH18SEP07.R2,10412.0
MAE04JUL07.R1,37558.0
TBE16JUL07.R2,80945.0
MAH20JUN07.R1,12525.0
TBH17AUG07.R1,10069.0
NSH12JUN09.R2,7442.0
NSH01OCT07.R2,4908.0
NSE19JUN07.R1,24841.0
NSH24JUL09.R2,3554.0
MAH09JUL07.R2,6885.0
TBE29MAY08.R1,9680.0
MAE08AUG07.R2,20216.0
CBE20AUG07.R1,7482.0
HKH26JUN07.R1,18971.0
MAE17JUL07.R1,14236.0
FBE06NOV07.R2,15603.0
NSH16JUL07.R1,7024.0
SSH09AUG07.R2,8348.0
FBH07JUN07.R1,3709.0
TBH20SEP08.R1,9409.0
NSH27JUN07.R1,3965.0
TBE21JUN07.R1,18146.0
FBE02AUG07.R1,4.0
TBH09NOV07.R2,6452.0
FBH31MAY07.R2,4703.0
FBH16JUL07.R1,8842.0
SSE05JUL07.R2,4567.0
NSE19JUL07.R1,13702.0
TBE17NOV07.R2,4061.0
SSE10SEP07.R2,1177.0
WSH27AUG07.R2,11153.0
WSH27JUL07.R1,9043.0
MAH24SEP07.R2,10529.0
FBE17SEP07.R1,16880.0
FBH10JUL07.R2,3709.0
TBH12AUG08.R1,51086.0
MAE05NOV07.R1,38249.0
SSH24JUL07.R2,2626.0
FBE16OCT07.R1,44845.0
TBH02AUG07.R2,5357.0
TBH14NOV07.R1,29273.0
TBE29JUL08.R2,5053.0
FBE05JUN07.R1,6907.0
FBH13JUN07.R1,7621.0
TBH25JUL08.R1,19491.0
MAE23OCT07.R1,49147.0
SSH07AUG07.R2,1744.0
SSE30OCT07.R1,13097.0
NSE07JUL09.R1,6644.0
CBE27JUL07.R2,8026.0
TBH29OCT07.R2,22006.0
TBH09AUG07.R2,5052.0
SSE11JUL07.R2,3100.0
WSH13JUL07.R2,4353.0
MAH18SEP07.R1,22000.0
HKH10AUG07.R1,5573.0
HKH16JUL07.R1,11799.0
CBE06NOV07.R1,16205.0
NSH22JUN07.R1,12451.0
NSH27AUG07.R2,4853.0
FBH25SEP07.R1,116020.0
FBE16JUL07.R2,3362.0
TBH10SEP07.R2,8440.0
MAE16JUL07.R1,26413.0
NSH17SEP07.R2,3204.0
SSE16JUL07.R2,6649.0
FBH07JUN07.R2,1642.0
SSH17SEP07.R1,2207.0
FBE31MAY07.R1,16669.0
MAH27AUG07.R2,5874.0
FBE20AUG07.R1,15007.0
MAH30JUL07.R2,3257.0
NSE23AUG07.R1,5143.0
FBE25JUL07.R1,47570.0
SSE05JUL07.R1,12052.0
CBH01OCT07.R2,10113.0
TBE05AUG08.R2,14237.0
NSH17JUL09.R2,10737.0
TBE18NOV07.R2,12390.0
SSE22OCT07.R1,6080.0
CBE06AUG07.R2,3172.0
TBE15JUL08.R2,20020.0
MAE18SEP07.R1,62501.0
WSE27JUL07.R2,3428.0
MAE01AUG07.R2,6633.0
SSH07NOV07.R2,14274.0
TBH11JUL08.R2,3541.0
MAH12JUL07.R2,9722.0
FBH05JUL07.R1,14158.0
MAH01OCT07.R2,16186.0
NSE13JUL07.R2,3722.0
MAH06JUL07.R1,182.0
SSH09AUG07.R1,20491.0
HKE08AUG07.R1,9687.0
MAH22AUG07.R2,11704.0
CBE02JUL07.R1,20155.0
CBH16OCT07.R2,8338.0
NSH07JUL09.R1,10306.0
FBE25SEP07.R2,9774.0
HKH16JUL07.R2,5066.0
SSH01OCT07.R1,8464.0
FBH02JUL07.R2,3969.0
CBH05JUL07.R1,18442.0
SSH31JUL07.R1,20864.0
TBE08AUG08.R2,21411.0
TBE13JUN08.R1,25690.0
TBE19JUN08.R2,1905.0
FBH25JUL07.R1,25190.0
WSH25SEP07.R1,66912.0
TBE10SEP07.R1,25712.0
CBH09AUG07.R2,20371.0
SSE15OCT07.R2,15167.0
FBH31JUL07.R2,6840.0
TBH22OCT07.R1,52756.0
SSH11JUL07.R2,2102.0
WSH03JUL07.R1,71.0
CBH06NOV07.R1,39626.0
NSE26JUN09.R1,86469.0
MAE04JUL07.R2,17829.0
TBE01OCT07.R1,14423.0
TBH22MAY08.R1,64729.0
SSE23AUG07.R1,12096.0
TBE17NOV07.R1,8814.0
TBH19JUN08.R2,9031.0
CBE27AUG07.R2,23431.0
NSH23AUG07.R1,6994.0
MAH04JUL07.R2,6470.0
TBE08NOV07.R1,10539.0
TBE05JAN08.R2,2463.0
WSE22OCT07.R2,3081.0
TBH06AUG07.R1,7363.0
MAE11SEP07.R1,159201.0
NSE10SEP07.R2,8062.0
TBE29JUN07.R1,36473.0
SSH30SEP07.R2,6255.0
NSE30MAY07.R1,10901.0
TBE15AUG08.R1,65009.0
NSE22OCT07.R1,4143.0
HKH20JUL07.R1,8500.0
TBE25AUG08.R1,10727.0
SSE21AUG07.R1,10953.0
WSE21AUG07.R1,7005.0
MAH20JUN07.R2,5839.0
NSE30OCT07.R2,21504.0
TBE24JUN08.R1,5210.0
TBH31MAY07.R2,6615.0
CBH29OCT07.R1,18222.0
FBE19JUN07.R1,17719.0
MAH01AUG07.R2,10477.0
FBH27AUG07.R1,47368.0
WSE08NOV07.R2,5464.0
SSE24JUL07.R1,98293.0
SSE27AUG07.R2,3381.0
CBE16JUL07.R1,29614.0
HKH23JUL07.R1,8048.0
TBE31JUL07.R2,14464.0
NSE22OCT07.R2,1630.0
TBE21AUG08.R1,14973.0
TBH29JUL08.R1,23503.0
TBH27JUN07.R1,10203.0
FBH31JUL07.R1,15463.0
TBE15AUG08.R2,23192.0
TBH26MAY08.R2,7301.0
NSH13JUL09.R1,7704.0
TBH13JUN07.R2,11979.0
FBE10JUL07.R2,8280.0
TBH02FEB08.R2,19985.0
TBH10OCT08.R1,55366.0
FBE10SEP07.R2,6267.0
TBH24SEP07.R1,17872.0
WSH29JUL07.R2,2568.0
TBH06JUN08.R1,37161.0
MAE15OCT07.R2,21652.0
TBE05NOV07.R2,12270.0
HKH07JUN07.R2,1611.0
TBE01AUG08.R2,8811.0
SSE17SEP07.R1,113386.0
TBE29OCT07.R1,194075.0
TBE12AUG08.R1,8409.0
NSE17SEP07.R1,5548.0
TBH22JUL08.R1,24603.0
TBE02AUG07.R2,60025.0
TBE29MAY08.R2,3729.0
HKE17JUL07.R1,7730.0
TBE15NOV07.R1,42054.0
HKH17JUL07.R2,7098.0
NSE17SEP07.R2,2119.0
NSE27AUG07.R2,5381.0
FBH25SEP07.R2,51668.0
MAH10AUG07.R1,38317.0
NSH31JUL09.R1,12191.0
WSH22JUN07.R1,6166.0
TBE05JUL07.R1,8697.0
TBE31AUG08.R1,9378.0
WSH10SEP07.R2,4825.0
HKE12JUL07.R1,8756.0
CBH17SEP07.R1,16608.0
TBH05JAN08.R2,11865.0
NSH15OCT07.R2,5869.0
MAH27AUG07.R1,12350.0
TBH06JUN08.R2,13823.0
WSE03JUL07.R2,2566.0
FBE06AUG07.R2,3901.0
WSH25JUN07.R2,984.0
FBE18JUL07.R2,4071.0
SSE21AUG07.R2,4325.0
CBH23OCT07.R2,4079.0
FBH27JUL07.R1,31433.0
CBE23OCT07.R2,4753.0
NSE03JUL09.R2,2919.0
MAH26JUL07.R1,24038.0
TBE24JUN08.R2,2216.0
FBH02JUL07.R1,9218.0
HKE26JUN07.R1,24801.0
TBH27JUL07.R2,83744.0
FBE29JUN07.R1,9300.0
MAH12JUL07.R1,20500.0
CBH29OCT07.R2,8146.0
TBE08NOV07.R2,4865.0
CBE17SEP07.R1,11953.0
SSE07NOV07.R1,11660.0
TBE26MAY08.R2,12364.0
NSH27AUG07.R1,12373.0
NSH02JUN09.R2,3978.0
TBE11NOV07.R2,3139.0
WSH02OCT07.R2,11911.0
MAE01OCT07.R1,24061.0
TBH04OCT08.R1,10127.0
NSH11JUN07.R1,11850.0
TBE27AUG07.R1,29111.0
TBH06NOV07.R1,38466.0
NSE19JUN07.R2,9677.0
TBE05NOV07.R1,27844.0
NSE07NOV07.R1,6241.0
WSH11JUL07.R2,5877.0
CBH10SEP07.R2,9560.0
NSE15JUN09.R1,10857.0
TBH04MAY08.R1,35542.0
TBH10JUL07.R1,14148.0
TBE08AUG08.R1,62424.0
MAE22AUG07.R1,11537.0
WSE31MAY07.R1,4903.0
FBH18JUL07.R2,24663.0
TBH09AUG07.R1,10956.0
FBH12JUL07.R1,7597.0
HKE26JUL07.R1,47802.0
TBE22OCT07.R1,14088.0
MAH01JUN07.R1,12143.0
TBH02JUL07.R2,27137.0
HKE28JUN07.R1,31.0
TBE15NOV07.R2,19459.0
FBE20AUG07.R2,6723.0
WSE11JUN07.R1,28751.0
SSH06JUN07.R2,2548.0
FBE31MAY07.R2,7612.0
TBH02AUG07.R1,11845.0
TBH16JUL07.R1,70832.0
HKH26JUN07.R2,8575.0
SSH27JUL07.R1,205.0
MAH20JUL07.R1,10075.0
FBH05JUN07.R2,4208.0
CBE01OCT07.R1,17038.0
FBH05JUL07.R2,6406.0
TBH09SEP08.R1,8837.0
CBE16JUL07.R2,13890.0
TBE23AUG07.R2,6946.0
HKH20JUL07.R2,3496.0
TBE10NOV07.R1,18080.0
TBE16NOV07.R2,3071.0
CBE02JUL07.R2,9422.0
TBE04OCT08.R2,17348.0
WSH16JUL07.R1,10878.0
CBH31JUL07.R1,7369.0
CBH19JUN07.R2,9818.0
NSH23AUG07.R2,2857.0
HKH26JUL07.R2,1875.0
SSH31JUL07.R2,8667.0
CBE06NOV07.R2,7076.0
TBH01OCT07.R1,42722.0
CBH10JUL07.R2,26564.0
HKE24AUG07.R1,2576.0
WSH19JUL07.R1,5435.0
HKH10AUG07.R2,2488.0
NSE19JUL07.R2,5373.0
SSH25JUN07.R1,9744.0
MAE08AUG07.R1,44659.0
CBE10JUL07.R1,21012.0
TBH16NOV07.R1,10610.0
CBE20AUG07.R2,3431.0
WSE07AUG07.R1,62166.0
CBH25JUL07.R1,30385.0
FBE11JUN07.R2,4771.0
HKH15JUN07.R1,7449.0
TBH31AUG08.R2,2722.0
MAE20JUL07.R1,6556.0
TBH18NOV07.R1,6227.0
TBH04OCT08.R2,3867.0
FBE06AUG07.R1,8638.0
FBE31JUL07.R1,19185.0
TBH29JUN07.R2,13737.0
MAH26JUN07.R2,12574.0
HKH15JUN07.R2,3190.0
TBE29JUN07.R2,17454.0
FBH10SEP07.R2,31030.0
TBE09SEP08.R1,25358.0
NSE27JUL09.R1,164847.0
TBH12JUL07.R1,8506.0
TBE30APR08.R2,13144.0
SSE17SEP07.R2,44490.0
HKH24AUG07.R2,2973.0
SSH27AUG07.R2,19945.0
SSE22OCT07.R2,2436.0
HKH22AUG07.R2,4358.0
CBE02AUG07.R1,16538.0
WSH24JUL07.R2,3317.0
TBH21JUN07.R2,9250.0
SSE31JUL07.R1,3646.0
SSE07AUG07.R1,19489.0
FBE17SEP07.R2,7781.0
MAH28JUN07.R2,48313.0
TBE09SEP08.R2,9739.0
CBH25JUL07.R2,14545.0
CBH16JUL07.R1,24959.0
NSH19JUN09.R2,4427.0
CBH27AUG07.R2,5953.0
WSH31JUL07.R1,6888.0
CBH18JUL07.R2,16233.0
FBH30OCT07.R2,5715.0
SSH13JUL07.R2,23313.0
TBH01JUL08.R2,11659.0
NSH08JUN07.R1,3632.0
NSH19JUL07.R1,4557.0
NSE01OCT07.R2,5672.0
CBE29OCT07.R2,6033.0
TBE14NOV07.R1,33028.0
SSH27JUN07.R1,3469.0
FBE10SEP07.R1,13652.0
SSH22OCT07.R2,5280.0
NSE10SEP07.R1,20988.0
SSE24SEP07.R1,24445.0
TBE20SEP08.R2,12324.0
NSH26JUN09.R2,36553.0
CBH31JUL07.R2,3376.0
NSE29MAY09.R1,4881.0
SSE11JUL07.R1,8030.0
TBE31JUL07.R1,32178.0
MAE28JUN07.R1,148921.0
TBE27AUG07.R2,13013.0
CBH06AUG07.R1,20669.0
TBE10JUL07.R1,21510.0
CBE23OCT07.R1,9903.0
TBH24SEP07.R2,8227.0
NSH15JUN09.R2,22219.0
WSE11JUL07.R2,5555.0
HKE04JUL07.R2,4292.0
NSE31JUL09.R1,10127.0
TBE04OCT08.R1,48330.0
FBE05JUL07.R2,8655.0
FBE22OCT07.R1,9602.0
HKE22AUG07.R1,15492.0
FBH30OCT07.R1,12886.0
TBH13JUN08.R2,4173.0
NSE27JUL09.R2,60047.0
MAE06JUL07.R1,34667.0
MAE24SEP07.R2,14241.0
SSH24JUL07.R1,6236.0
NSE29MAY09.R2,1963.0
SSH19JUL07.R2,3505.0
CBH17SEP07.R2,7518.0
CBE06AUG07.R1,6807.0
SSH30SEP07.R1,14685.0
TBE27JUL07.R2,15802.0
NSH29MAY07.R2,11668.0
TBE09AUG07.R2,10520.0
TBH06NOV07.R2,17946.0
SSH15OCT07.R1,7470.0
NSH29JUN09.R1,10745.0
NSH07JUL09.R2,4020.0
FBH06AUG07.R1,12371.0
MAH23OCT07.R1,7125.0
SSE23AUG07.R2,4670.0
SSE03JUL07.R1,23574.0
FBE12JUL07.R2,4086.0
CBE29JUN07.R1,7863.0
HKH12JUL07.R2,8273.0
HKE20JUL07.R1,4008.0
WSE05JUL07.R1,13559.0
FBH27JUL07.R2,14291.0
TBH19JUN07.R1,10315.0
NSH11JUL07.R2,2174.0
TBE02JUL07.R2,8496.0
NSE23JUN09.R1,9426.0
HKE23JUL07.R2,5582.0
TBE20AUG07.R2,4584.0
TBE23AUG07.R1,15240.0
WSH17SEP07.R2,8909.0
WSE19JUN07.R2,2857.0
WSH07AUG07.R1,25705.0
WSE21AUG07.R2,3202.0
CBH27JUN07.R2,33323.0
HKH20JUN07.R2,5978.0
CBE05JUL07.R1,20316.0
SSH19JUN07.R1,9853.0
SSH22OCT07.R1,13014.0
WSE13JUL07.R2,7215.0
TBE21JUN07.R2,8127.0
MAE09JUL07.R2,10870.0
CBE16OCT07.R1,41145.0
TBH07NOV07.R2,7530.0
TBH07NOV07.R1,16094.0
TBE05AUG08.R1,43743.0
WSH16OCT07.R2,8843.0
TBH24JUN08.R2,6965.0
NSE13JUL09.R1,20015.0
NSH08JUN09.R1,6669.0
TBH13JUN08.R1,10446.0
NSE10JUL09.R2,3843.0
CBH06NOV07.R2,17836.0
WSE11JUL07.R1,12030.0
MAE23JUL07.R1,7145.0
NSH23JUN09.R2,3860.0
MAE05NOV07.R2,17899.0
NSH03JUL09.R2,907.0
WSE29JUL07.R1,6333.0
TBH18NOV07.R2,2811.0
FBE07JUN07.R2,14636.0
CBH10SEP07.R1,20531.0
SSE19JUL07.R1,28707.0
MAH16JUL07.R1,19118.0
MAH09JUL07.R1,15091.0
NSE16JUL07.R2,5191.0
FBH02OCT07.R1,28367.0
SSH21AUG07.R1,8006.0
TBH22JUL08.R2,9717.0
SSH03JUL07.R2,2184.0
FBE11JUN07.R1,10613.0
MAE28JUN07.R2,70210.0
WSH27JUN07.R1,6119.0
NSE09AUG07.R1,5169.0
TBE20AUG07.R1,10290.0
MAH15OCT07.R2,8571.0
TBH02JUL07.R1,60273.0
TBE04JUL08.R1,5349.0
WSE16OCT07.R1,14206.0
MAE24SEP07.R1,30928.0
WSE09AUG07.R1,24666.0
TBH05NOV07.R1,51581.0
FBH21JUN07.R2,1905.0
SSH16JUL07.R1,20842.0
TBE02FEB08.R2,3926.0
NSH19JUN07.R1,18276.0
SSH11JUL07.R1,5000.0
TBE11NOV07.R1,7030.0
CBE25SEP07.R2,15076.0
SSE27JUN07.R2,6775.0
NSE27JUN07.R2,17917.0
FBE12JUL07.R1,8903.0
NSH27JUL09.R1,9618.0
HKE06JUL07.R2,4981.0
TBH21JUN07.R1,21267.0
CBE09AUG07.R1,8498.0
TBH09SEP08.R2,3489.0
FBE13JUN07.R1,8276.0
SSH22JUN07.R1,8642.0
HKE10AUG07.R2,9158.0
CBH23OCT07.R1,8711.0
TBH10OCT08.R2,21420.0
TBE12JUL07.R1,86454.0
CBE25JUL07.R1,69157.0
WSH31MAY07.R2,3415.0
SSE16JUL07.R1,17476.0
NSE01OCT07.R1,14570.0
WSH11JUL07.R1,13006.0
SSE19JUN07.R3,12321.0
WSH29JUL07.R1,5520.0
MAE10AUG07.R2,25116.0
MAH08AUG07.R2,26400.0
SSE27JUN07.R1,17673.0
TBE19JUN07.R1,44413.0
CBH16OCT07.R1,17901.0
TBE01AUG08.R1,25386.0
NSH31JUL09.R2,4610.0
HKE26JUL07.R2,20311.0
SSE31JUL07.R2,1395.0
TBH12AUG08.R2,20064.0
FBH19JUN07.R2,2066.0
FBE27JUN07.R1,24420.0
NSH21AUG07.R1,5654.0
HKE28JUN07.R2,7.0
NSE08JUN09.R2,25608.0
NSE07AUG07.R1,75850.0
MAH01JUN07.R2,5659.0
SSH10SEP07.R1,49334.0
TBE05JAN08.R1,6240.0
HKE20JUL07.R2,1777.0
MAE12JUL07.R2,9632.0
CBE05JUL07.R2,9625.0
FBH13JUN07.R2,3438.0
WSE19JUL07.R1,8500.0
NSH25SEP07.R1,10131.0
SSE19JUN07.R1,9570.0
WSE24JUL07.R2,2853.0
HKE22AUG07.R2,6829.0
SSE30OCT07.R2,5130.0
CBE27AUG07.R1,48803.0
NSH10SEP07.R2,4321.0
NSH06MAY09.R1,25456.0
NSH09AUG07.R1,6256.0
FBH28MAY07.R2,2258.0
TBH16JUL07.R2,33323.0
CBE23AUG07.R1,37450.0
CBH27JUL07.R1,11827.0
SSH22JUN07.R2,3503.0
NSE11JUL07.R2,3325.0
HKE26JUN07.R2,10177.0
WSE07AUG07.R2,27941.0
CBH09AUG07.R1,44300.0
FBE27JUN07.R2,11097.0
TBH16OCT07.R2,22716.0
NSH13JUL09.R2,2887.0
CBE27JUN07.R1,15240.0
TBH18JUL07.R2,13782.0
TBH05AUG08.R1,32995.0
TBE31AUG08.R2,3458.0
WSH27AUG07.R1,24600.0
TBE24SEP07.R2,20101.0
WSE19JUN07.R1,6623.0
FBE19JUN07.R2,8296.0
TBE01OCT07.R2,6425.0
SSH07NOV07.R1,34553.0
TBH31JUL07.R1,14362.0
TBE06NOV07.R2,29171.0
WSE08NOV07.R1,12663.0
TBH01AUG08.R2,49701.0
HKH30JUL07.R2,1910.0
NSH30OCT07.R2,5680.0
TBH13JAN07.R1,42792.0
TBH02FEB08.R1,50497.0
NSE25SEP07.R2,5254.0
TBE09AUG07.R1,22933.0
SSH05JUL07.R2,33183.0
TBH05JAN08.R1,30461.0
TBE13JUN08.R2,9628.0
FBE09AUG07.R1,19716.0
NSE15OCT07.R2,3780.0
SSE13JUL07.R1,26213.0
TBH08AUG08.R1,7326.0
WSH13JUL07.R1,9588.0
FBH27AUG07.R2,21533.0
FBH10JUL07.R1,8463.0
NSE07AUG07.R2,29492.0
CBH12JUL07.R1,14585.0
FBH31MAY07.R1,10505.0
SSH15OCT07.R2,3054.0
NSE05JUL07.R1,8117.0
TBE10OCT08.R1,10289.0
TBH31MAY07.R1,14848.0
FBH22OCT07.R2,9743.0
NSH19JUN09.R1,11798.0
HKE27AUG07.R1,7627.0
MAE22AUG07.R2,5501.0
FBE05JUN07.R2,3177.0
MAH06JUL07.R2,76.0
NSE09AUG07.R2,2058.0
MAH23JUL07.R1,21045.0
TBE09NOV07.R2,3415.0
TBH31JUL07.R2,6442.0
NSH21JUL09.R2,3869.0
FBE29JUN07.R2,4180.0
CBE19JUN07.R2,10535.0
TBH05AUG08.R2,13157.0
HKH08AUG07.R2,55501.0
CBE12JUL07.R1,11204.0
TBH11JUL08.R1,8365.0
NSE27AUG07.R1,15000.0
HKE01AUG07.R2,3274.0
SSE15OCT07.R1,38917.0
SSE27AUG07.R1,8690.0
MAH24AUG07.R1,15592.0
MAH24SEP07.R1,22129.0
