,0,2,8,10,13,16,21,23,27,29,36,38,42,44,51,62,65,69,83,90,97,104,119,125,132,139,140,141,142,143,144,145,148,149,150,151,152,200,228,316,338,342,345,360,366,371,381,392,406,409,413,416,420,423,427,429,433,439,448,459,467,473,479
1,-3.1870866433571443,-2.621036399317692,-1.9619112599980173,-1.9684454325973104,-1.3992774165549782,-1.3312205068234093,-0.9426712757561094,-1.0806285519534524,-0.7985143063875125,-0.7968705985235961,-0.7582328745506112,-0.8345982691450878,-0.8559877277158562,-1.0272103141755073,-1.3185897484550482,-0.9614931661704934,-1.5598863556007088,-2.7701832906326125,-3.1870866433571443,-3.1870866433571443,-2.6342537747650887,-2.3036399569724004,-2.704792453922446,-2.7899615678286707,-2.793867664575282,-2.820090917484443,-3.1870866433571443,-3.1870866433571443,-3.1870866433571443,-3.1870866433571443,-3.1870866433571443,-3.1870866433571443,-3.1870866433571443,-3.1870866433571443,-3.1870866433571443,-3.1870866433571443,-3.1870866433571443,-3.1870866433571443,-3.1870866433571443,-3.1870866433571443,-2.5503100347898786,-2.406770886285341,-2.4362482396130263,-2.130733412020227,-2.790129028347288,-2.81679640964042,-1.9355712951091641,-1.8914174282925516,-0.9859027336160072,-0.8100316138071013,-0.7162147912140115,-0.7564931283205727,-0.8865689757338324,-1.0384980303962363,-1.0492825333709639,-0.9788152718673295,-1.132689986635923,-1.1501001046507902,-1.472578160642952,-1.633969806993373,-1.5693835265549672,-1.5375051723747906,-1.3378807896903304
2,-3.1870866433571443,-2.92422700374753,-2.4326758096265677,-2.2019288115173525,-1.7734131268750264,-1.6086889592829148,-0.9872069113327038,-1.2308882741663816,-0.865063951403115,-0.8197042531431692,-0.6524032638528119,-0.8266977148959755,-0.9057169041466517,-0.9728974447846511,-1.2866250372422088,-1.4276006697584236,-1.8772159745641233,-3.1870866433571443,-3.1870866433571443,-3.1870866433571443,-2.993838628196961,-2.3807228896538564,-2.920449109655951,-3.1870866433571443,-3.1870866433571443,-3.1870866433571443,-3.1870866433571443,-3.1870866433571443,-3.1870866433571443,-3.1870866433571443,-3.1870866433571443,-3.1870866433571443,-3.1870866433571443,-3.1870866433571443,-3.1870866433571443,-3.1870866433571443,-3.1870866433571443,-3.1870866433571443,-3.1870866433571443,-3.1870866433571443,-2.950555743694219,-2.8881327832366557,-2.9434039368775435,-2.187389758814425,-3.1870866433571443,-2.807400800674121,-2.2251444114042735,-2.201070615245592,-1.1537485148433904,-0.9174510427629351,-0.7361122816087706,-0.8488058195489794,-0.9710634193332529,-0.7519553114157549,-0.9502704941152073,-0.6824728293847141,-0.978661406279654,-1.1784650151383909,-1.5610353950505391,-1.854304591160026,-1.8321615820776027,-1.9310213514149994,-1.7999152945379908
3,-2.478203063395894,-2.204696952340369,-1.697737477603278,-1.657907738884453,-1.747803963409321,-1.9173388894441108,-1.4318011566244937,-1.5116962552288256,-1.122966641068174,-1.0600465737195632,-1.2138607520528522,-0.789605730189753,-0.9412506330825045,-1.1003408651489992,-1.0715608618499237,-0.8571734888527802,-0.8178391173798669,-1.069758211297679,-2.9548091462700765,-3.1870866433571443,-1.967462578091403,-3.1870866433571443,-3.1870866433571443,-3.1870866433571443,-3.1870866433571443,-3.1870866433571443,-3.1870866433571443,-3.1870866433571443,-3.1870866433571443,-3.1870866433571443,-3.1870866433571443,-3.1870866433571443,-3.1870866433571443,-3.1870866433571443,-3.1870866433571443,-3.1870866433571443,-3.1870866433571443,-3.1870866433571443,-3.1870866433571443,-3.1870866433571443,-3.1870866433571443,-3.1870866433571443,-3.1870866433571443,-3.1870866433571443,-2.938905281726734,-2.4010930617636403,-1.9861925701752492,-1.5894998126630906,-1.1591217970361294,-0.9960382355410582,-0.9979988412222787,-0.9384093629575028,-0.7921984601838122,-0.9113203009760406,-1.0345821729349811,-0.8186972965070851,-0.9506297379010822,-0.9996247502917628,-1.0368629899941872,-0.9718647647087945,-1.0010472219895454,-0.8476000999523874,-1.0153972066850758
4,-1.1337013831134775,-1.062563889401156,-1.0319025255254917,-0.9463544497848138,-0.9467482015961423,-1.2557286148638498,-1.2283638814753413,-1.2315573336289214,-1.4248717812806462,-1.463408116819758,-1.8122226698240091,-1.8523199906405459,-1.6868489624535417,-1.6723239425633076,-1.2436323306862151,-1.4115884404306467,-1.7038033470390395,-1.6607716428737722,-1.645405570078906,-1.698622957948779,-1.6080717966358207,-1.3358331415394027,-1.4028318964641535,-1.0918931212715621,-1.155203027678948,-0.9504182276546572,-0.9794945502332765,-0.9187857971113347,-1.0282368116778036,-0.9786721755167065,-0.8865597735256979,-0.8285026090019256,-0.8903732277023434,-0.9609444366983295,-1.0477264987776205,-0.9581733270602012,-0.9186404535702793,-0.8002202990230507,-0.7838818380756207,-1.1560511173430874,-1.309849635944359,-1.2800627277899237,-1.3293836249789606,-1.080321632622185,-1.1652685709165633,-1.035928801836086,-1.1695365498313979,-1.1492076742335033,-1.5513003469128515,-1.337012313066366,-1.5589490365986027,-1.5433568903079131,-1.5134365424910547,-1.426528916929557,-1.3367421920905609,-1.553357327396577,-1.2966685022140214,-1.3959756248601165,-1.2178961750824455,-1.1622917641397539,-1.3596347999642873,-1.5702204945952911,-1.2317256775999539
5,-1.8419682483792028,-2.122748515535385,-2.1834173361745797,-2.35998813271469,-1.8449297105886098,-1.5170188862206617,-1.6821975111615342,-1.7017632425113165,-1.8078858626795105,-2.0184750618592204,-2.02442933267921,-2.2161357206915593,-1.907193732198105,-1.641755476111978,-1.4187440142805205,-1.3772865421878318,-1.3753457146001542,-1.2815651629469382,-1.72685744305158,-1.1819488095236264,-1.3402714784985772,-2.0018198345624114,-1.5858225831194555,-1.3387810528025443,-1.319357109613921,-1.2072453912116339,-1.155312929957759,-1.1656665988193795,-1.2766896597854045,-1.2405457431493345,-1.2241709753250252,-1.3474750935596889,-1.2386473563734455,-1.2659054262692153,-1.321492162762808,-1.2830052436473054,-1.1948145519061133,-1.113155419571303,-1.307329405830587,-1.3065137523457537,-1.2690187501093437,-1.2624066473002238,-1.2550995372416072,-1.2254284798729127,-1.2828656166286727,-1.365016962611533,-1.3019498174527258,-1.2437368378582907,-1.5234501112474452,-1.3461170148040766,-1.584647955876059,-1.444992354772362,-1.3590984675456697,-1.2412308954671571,-1.2300960341588865,-1.2431419545526423,-1.2583277042711416,-1.2948319872789393,-1.1528713316675507,-1.2549873539070904,-1.2953070846078045,-1.2881371970857824,-1.318883716069421
6,-0.3661718769738531,-0.44367152111978636,-0.8603307294440488,-1.3298892620841147,-1.3759453556272996,-0.6427070715442946,-0.6853273613918247,-0.9371172386474311,-0.9775365551714785,-1.0608360083790391,-0.9461695175356252,-0.8545670478713371,-0.8792039011546018,-0.9397047971320771,-1.0926795284813473,-1.030897822444933,-0.9511461236808066,-1.0055916805978011,-1.1702718108269687,-1.4265130236115469,-1.5713690627788488,-0.9737055731476032,-0.9310139170735575,-1.0511005218020428,-0.8790593803589346,-0.7978506252513571,-1.042912923736947,-1.0002215228998017,-1.15186250716721,-1.2405290344441255,-1.137969325438747,-1.4373458339401395,-1.7210884416541725,-1.7408875565592123,-1.676830088681917,-1.793446659929108,-1.5229070827889295,-2.121219426771872,-2.251248112956779,-3.1870866433571443,-3.1870866433571443,-3.1870866433571443,-3.1870866433571443,-1.4857731703091626,-1.6185810975346862,-1.590583499215015,-1.6020199075316015,-1.3208730433185618,-0.7381197851986105,-1.3045479329164278,-1.0195878835619379,-1.2283456733582578,-1.3456730287052208,-1.2120306601188,-1.132047293810969,-1.3710727851267546,-1.3093736090752743,-1.2170842216128048,-1.3611709343876712,-1.6850632262800205,-1.5489173437114834,-1.7138703199484597,-1.354070977658182
7,-3.1870866433571443,-3.1870866433571443,-3.1870866433571443,-3.1870866433571443,-3.1870866433571443,-2.2047558128750246,-2.2195870688569426,-2.1468683067573653,-2.002335004080111,-2.456576069132951,-2.69177283310535,-3.1870866433571443,-2.433116196947924,-2.011212474198052,-2.124782039941784,-1.272674020040218,-1.1780330414465268,-0.8599974677714919,-2.0378073963604812,-1.0373743297750944,-0.9844521726967236,-3.1870866433571443,-1.1729363659853154,-1.2290779220945034,-1.8825910975706357,-1.747827639998818,-1.8464133821487585,-1.9041917646512754,-2.1382915317034663,-2.2242879700690628,-2.395342566662176,-2.378264432601321,-2.380146860254645,-2.533904110277861,-2.655160070450712,-2.6030533452389455,-2.7247017845426895,-1.642392751907809,-1.6281486402100225,-2.4995766526451813,-2.1382548448273133,-2.1209156843488564,-1.8421566834196195,-1.5224949159367898,-1.485156739947789,-1.507979446785831,-1.427604768633009,-1.1818718504744847,-2.2106210016130072,-1.375592483274268,-2.9925943962883017,-1.5042494198126881,-1.4769028700840439,-1.627437319220873,-1.1155917275750358,-1.8352439204469257,-1.2378828520781608,-1.4226419919462383,-1.1052392825868298,-1.0543752925571028,-0.7861653733103273,-1.1698850191641728,-1.202243793989005
8,-1.7893975887473872,-3.1870866433571443,-1.9295233531857074,-1.9583095037699678,-1.7351134864398434,-1.747941943483447,-1.9755336998754218,-1.9050436380653708,-1.8905935212356093,-2.168063962821016,-2.212038040948485,-2.447383581893912,-1.960146823846745,-1.7381941156623595,-1.7248048601075703,-1.5190938436692685,-1.5734533757819291,-1.5201542251155309,-2.0943913932761937,-1.4733086590362912,-1.4736751994319461,-2.5480540812218613,-1.7577365120311783,-1.6208591608154355,-1.6873591563856356,-1.2908851237889387,-1.233547745458051,-1.1419968940723115,-1.2389436140431909,-1.10659172204136,-1.0228682283028703,-0.9233190878000617,-0.8592020349628237,-0.9021257746700032,-0.8440604099008037,-0.8646077597007398,-0.872730725912113,-0.7054572839809145,-0.6027607408214352,-0.8563664579504044,-0.8093579644873372,-0.8561929895792232,-0.9706001263785923,-0.9224118486963986,-1.0600619343535833,-0.9583899034287072,-1.218006958367539,-1.0371334527010247,-1.741590876419163,-1.4169329262618091,-2.0253736774642515,-1.5009603061030312,-1.4339888906610738,-1.4467573158174518,-1.1927713042105768,-1.5096492845936276,-1.2206564141059326,-1.3039944734955002,-1.050905209328035,-1.119451035487816,-1.2034146024885164,-1.4563684103952115,-1.1175714450047483
9,-1.3378747619198847,-1.3342115293762369,-1.3777160741753347,-1.2893782039016102,-1.2663708617279634,-1.374624316701164,-1.4193208027774773,-1.3048918764787247,-1.5141608351561928,-1.47834059082651,-1.7469309408139833,-1.7959660245456972,-1.6461644949439862,-1.7445242773493546,-1.6849213673427261,-1.8178298528006258,-1.7857052432713638,-1.711426368453714,-1.7391976726772942,-1.9021454144763685,-1.8856233810171037,-2.1589035925365474,-2.107016962214201,-1.949980839015771,-2.269181107510927,-2.3023491914444976,-2.290805007886234,-2.1906125812647526,-2.2866649051189034,-2.312913310044147,-2.4319028512342387,-2.6619654163950726,-2.483919509063791,-2.5069952736074335,-2.4549813390655606,-2.4006904242850493,-2.451193606286918,-2.6237836740359044,-3.1870866433571443,-3.1870866433571443,-3.1870866433571443,-3.1870866433571443,-3.1870866433571443,-1.8118043912736495,-1.6658789958216735,-1.8969456229875008,-1.504913607352244,-1.8363988284134523,-1.6645179758737194,-1.6491240628726371,-1.6927888017563393,-1.6286163056897585,-1.768731098413445,-1.8180697895144922,-2.4029652509529567,-2.16265689951824,-2.1816781520669726,-2.0405389894403787,-2.1237657748472665,-1.9450694252135612,-1.9068553129851178,-1.8427579767844586,-1.6667994526004128
10,-1.2902819123745348,-1.1290787161927966,-1.1152963150533697,-1.2261881360763358,-1.231786968095762,-1.4991261788702637,-1.6330481027839097,-1.4165650089715336,-1.6312273439538116,-1.4975417022840516,-1.677985462227592,-1.6901817260627547,-1.4312446859131291,-1.4023956969609201,-1.3003826586494445,-1.2599731544449801,-1.319034108503471,-1.4484453382018092,-1.4714120361488037,-1.5360727902488998,-1.716094452520448,-2.177365536895362,-1.4862738150527586,-1.6736131719635092,-1.619845233970794,-1.6605346675136081,-1.5553234293753047,-1.5772448082887771,-1.5485112237259109,-1.543904526117623,-1.671997264712587,-2.1963196708591544,-1.8545349751676885,-1.887483709729377,-1.8552500337493725,-1.7896476502868615,-1.7980366795522302,-1.851747278087965,-2.2334327823077147,-2.0028180871034045,-1.4765654255168463,-1.375928385219129,-1.4327533032206303,-1.7991512086142933,-1.7131535074638335,-1.8047613996020702,-1.3810437518514818,-1.6512072875148256,-1.658762179937442,-1.659138846934476,-1.8225771313771897,-1.7838118804161676,-1.7539494712402743,-1.826052154804792,-1.9001251419251273,-1.6917893935137214,-1.8256400514286244,-1.727588346033087,-1.833761269925456,-1.7153332556509928,-1.6343955829122592,-1.5777879714308525,-1.7841033733752794
11,-2.3345609232044753,-2.3043610073052267,-3.1870866433571443,-3.1870866433571443,-3.1870866433571443,-2.1354528969126774,-1.9214449326496734,-2.2922453091826007,-2.318541975729061,-2.2978825447272695,-2.1990416043387193,-2.3754371753881887,-2.3485899145653213,-2.3349973063998957,-2.5331653696715826,-2.859308917807275,-2.2169197640161875,-2.3135224160516605,-3.1870866433571443,-3.1870866433571443,-3.1870866433571443,-3.1870866433571443,-3.1870866433571443,-3.1870866433571443,-3.1870866433571443,-3.1870866433571443,-3.1870866433571443,-3.1870866433571443,-2.9714537146363735,-3.1870866433571443,-3.1870866433571443,-3.1870866433571443,-3.1870866433571443,-3.1870866433571443,-3.1870866433571443,-3.1870866433571443,-3.1870866433571443,-3.1870866433571443,-3.1870866433571443,-3.1870866433571443,-3.1870866433571443,-3.1870866433571443,-3.1870866433571443,-2.407236202322213,-2.454801639127477,-2.69185767303212,-2.4139204099809852,-2.1003852190387757,-1.1807202348806107,-1.7494458362616927,-1.4727444014802684,-1.6675073795910935,-1.9314228655972854,-1.8661626549111237,-1.7744792504046263,-2.1056963831672224,-1.9123235036992368,-1.8217907144671461,-2.2330290852501467,-2.7106381915387194,-2.5606807002029277,-3.1870866433571443,-2.2807337437769157
12,-3.1870866433571443,-3.1870866433571443,-3.1870866433571443,-3.1870866433571443,-3.1870866433571443,-3.1870866433571443,-3.1870866433571443,-3.1870866433571443,-3.1870866433571443,-3.1870866433571443,-3.1870866433571443,-3.1870866433571443,-3.1870866433571443,-3.1870866433571443,-3.1870866433571443,-2.7322865669820273,-2.7880646775837064,-3.1870866433571443,-2.790098882640093,-1.9716986302303947,-2.0952327024222375,-2.9086886286952556,-2.002112106404194,-1.9267766209247625,-1.9993231714682556,-1.8284660612412535,-1.7780344256343887,-1.6904618781929335,-1.7735141213869523,-1.8118834227026273,-1.7429308828730354,-2.1662733696400074,-1.898908494800652,-1.8240773968984847,-1.778536135036131,-1.6470235280424974,-1.675142759334225,-1.663407582098236,-2.121487060410373,-1.7946221296200635,-1.196441426603668,-1.1999023281504035,-1.397581527621116,-1.6902607636956526,-1.7871410325338608,-1.8259581796932949,-1.5653851360283189,-1.8680847642160485,-2.576072321868341,-1.9295789781175778,-2.7252190085556536,-2.1949722368625126,-2.1666835111632494,-2.1279399297097115,-2.1261116477174555,-2.3936120069156606,-2.3251641392797113,-2.2401229020157616,-2.1609542751040873,-2.127081247410809,-1.8484525512974432,-2.1516851816641425,-2.0524079919619043
13,-1.885455817587521,-2.005264001832708,-2.6031216869070204,-2.560791979725473,-2.309314018439739,-1.5136053357415535,-1.9962308649769738,-1.4654736732028533,-1.5859306934973048,-1.9596278355285766,-1.9483068474283143,-3.1870866433571443,-2.1500398765706064,-1.7276249694959345,-2.1884132850584197,-1.929653652753432,-1.762224879453931,-1.5683343209121843,-2.762279543772045,-1.5590760912150194,-1.5682455020276271,-2.4034455400414863,-1.0358378268545052,-1.2483148839263605,-0.7488820515991057,-0.9724073622530086,-0.9591228434355978,-0.983440192762425,-0.8284638373280446,-0.8462611730188826,-0.7731088827759056,-0.6960846102183953,-0.6892774954612974,-0.6822237019538324,-0.6937227618602547,-0.7246142038092882,-0.7983923694437474,-1.348068073722992,-1.3538189968250338,-0.9287168561353141,-1.0143659235274616,-1.1765757790600444,-0.9786162817596311,-0.9508113629413404,-0.9070250935779485,-1.2392526796157992,-1.1951493437749334,-1.390769790484317,-2.199736383536141,-1.9173142937277552,-2.237543927688682,-2.0552250207527214,-2.020801460392577,-2.00199743887877,-1.819849993274644,-2.381814553157762,-1.7880803066903161,-1.9393322192311115,-1.6679491640950421,-1.7963208707255691,-1.6552384897519885,-0.8128582327102435,-1.6334725329976936
14,-1.5721811068308784,-1.5505142736348008,-1.4266018335795378,-1.3199625330328275,-1.3220213852977996,-1.5594260983013692,-1.666521306864135,-1.645792118541938,-1.9114888094255726,-1.920216169669558,-2.534483914348598,-2.595376736176415,-2.417666475430684,-2.3662291604566175,-2.2954773423053867,-2.2775480103053893,-2.0611257306842976,-1.6747449606770333,-1.2914318277877883,-1.5950113192392419,-1.4537741622913205,-2.1279733786780475,-1.739892153291006,-1.545855826416073,-1.629956406914483,-1.6865378056080493,-1.6110785960431226,-1.548251085574778,-1.5552654805230308,-1.5265246729305988,-1.8152772120133402,-2.135356134193097,-2.1013507299568,-1.9605884848574093,-1.9625133514218864,-1.9462015762932046,-2.3012714098284563,-1.766665307564193,-2.125551854182326,-2.2656119547614315,-2.084592662872718,-1.9710220520247566,-1.896787635618986,-1.8870068666777262,-1.7697396170174622,-2.190392610439165,-1.8438302295192042,-2.033673824185907,-2.045494496939634,-1.9751752589361187,-2.036477207109167,-2.1218033006251713,-2.3081972091530574,-2.320351099745791,-2.5394401991990545,-2.516649508533579,-2.4022478572627275,-2.1271866027075923,-2.0893932216891313,-1.9772584066805405,-2.0357165189685973,-2.069270802028793,-1.8053115579687324
15,-3.1870866433571443,-3.1870866433571443,-3.1870866433571443,-3.1870866433571443,-3.00148082502874,-3.1870866433571443,-2.936470816370236,-2.8647819604963836,-2.458730125634825,-2.4546797552186614,-2.4716302501246523,-1.9180045161421833,-1.9637656573579123,-2.1406700887987964,-2.059173583782634,-2.014210877793018,-1.7402736093247524,-1.766462485701617,-3.1870866433571443,-3.1870866433571443,-2.866582234756591,-3.1870866433571443,-3.1870866433571443,-3.1870866433571443,-3.1870866433571443,-3.1870866433571443,-3.1870866433571443,-3.1870866433571443,-3.1870866433571443,-3.1870866433571443,-3.1870866433571443,-3.1870866433571443,-3.1870866433571443,-3.1870866433571443,-3.1870866433571443,-3.1870866433571443,-3.1870866433571443,-3.1870866433571443,-3.1870866433571443,-3.1870866433571443,-3.1870866433571443,-3.1870866433571443,-3.1870866433571443,-3.1870866433571443,-3.1870866433571443,-3.1870866433571443,-3.1870866433571443,-3.1870866433571443,-2.3999810628126594,-2.0673104716657433,-2.1233285513094455,-1.9256075047527321,-1.6935175088864995,-1.7050140004526257,-1.9025791938429075,-1.5885157409137878,-1.8805157347846686,-1.816779647974992,-1.843502246227407,-1.6644291913395275,-1.7041688707921259,-1.5378325828075115,-1.8476857137454097
16,-1.4098826834712315,-1.2655490861343617,-1.2647980948481277,-1.1381065505632304,-1.1740879589719229,-1.466825744021896,-1.4603739936637083,-1.386201543611086,-1.7375163040646122,-1.668335162170656,-2.5162820878841345,-2.5148311027339645,-2.638522375561712,-2.6614671681140725,-2.6492466815313427,-3.1870866433571443,-3.1870866433571443,-2.6758497216870323,-1.911655463796035,-2.285153957385026,-2.021950941890396,-1.9530327645446892,-2.176527360474111,-2.102708790626841,-2.1712189593983706,-2.4743025183837166,-2.32415665860235,-2.3355670745451387,-2.3271470274549664,-2.290078154582721,-2.5881537163980703,-2.65806188771554,-2.854907969493443,-2.8377392565402064,-2.962208121470031,-2.805894407382238,-2.8793696094159142,-2.6767330481612035,-2.814206990805369,-3.1870866433571443,-3.1870866433571443,-3.1870866433571443,-3.1870866433571443,-2.358748605191199,-1.8224963482813348,-2.342369298063814,-1.9612136584777624,-1.9921261404430677,-2.0747772201114913,-2.095983397954299,-2.2188788501128696,-2.4408074617260502,-2.864976871829834,-2.9847952240668283,-3.1870866433571443,-3.1870866433571443,-3.1870866433571443,-3.1870866433571443,-3.1870866433571443,-2.663146527760814,-2.6052480273754255,-2.4738518311207858,-2.4223159997729162
17,-3.1870866433571443,-3.1870866433571443,-3.1870866433571443,-3.1870866433571443,-3.1870866433571443,-2.468890295774848,-2.657936583354066,-2.6732875645754617,-2.503726803797842,-3.1870866433571443,-3.1870866433571443,-3.1870866433571443,-3.1870866433571443,-2.648197957339796,-2.803826035522557,-2.3661290403362347,-2.241877756544886,-2.1549414747525213,-3.1870866433571443,-2.435266993780121,-2.2493998708105587,-3.1870866433571443,-2.6678075865255226,-2.6041735568957827,-3.1870866433571443,-2.815421970381241,-2.8362636612455794,-2.8685345593291705,-3.1870866433571443,-3.1870866433571443,-3.1870866433571443,-3.1870866433571443,-3.1870866433571443,-3.1870866433571443,-3.1870866433571443,-3.1870866433571443,-3.1870866433571443,-2.6607847560478906,-2.6381157317496875,-3.1870866433571443,-2.361281626808496,-2.327362034867396,-2.4339399516389717,-2.092539051242053,-2.123526343945316,-2.511043201691087,-2.375072157796669,-2.2346085528824684,-2.4626657594549552,-2.051624079260041,-3.1870866433571443,-2.126424156915824,-2.062537129065468,-2.051116932157899,-1.9094405985037763,-2.2561170249565863,-1.9604394583939804,-2.0351000367064995,-1.832142416748555,-1.8353703654877316,-1.4670431247115923,-1.8631579925447552,-2.363641155073392
18,-2.5521099079206744,-2.595326522073941,-3.1870866433571443,-3.1870866433571443,-2.7795665231495956,-2.1569896888207882,-2.3784431729654654,-2.116887232908973,-2.0769127664067417,-2.551316710645345,-2.5293815687841787,-3.1870866433571443,-2.579463955461622,-2.017121352315613,-2.268569639072373,-1.6004317975920157,-1.6361807174268954,-1.4983101660021145,-2.84280159744046,-1.4236940127544113,-1.5058535697022701,-3.1870866433571443,-1.4174035646447576,-1.5131067697738294,-1.3209553752360248,-1.4319964189991914,-1.3999519066766604,-1.3903421576428552,-1.36710221205605,-1.3144875324879464,-1.2849009056815957,-1.3662232538533923,-1.3479971546042566,-1.3752372475893075,-1.525284951602807,-1.4067939544489023,-1.1876515659286175,-1.360752475006396,-1.3929732995887745,-1.6769224068385742,-1.6887027552597036,-1.7729370403487503,-1.5451824263036746,-1.8837809480696672,-1.6806839123461845,-1.5393929473938133,-1.7820144443970516,-1.6123058484917707,-2.603249610241303,-2.1310363814810778,-3.1870866433571443,-2.306191918117048,-2.1924745271010844,-2.3009718778995003,-2.0818233625557108,-2.326960746476539,-2.03307720445173,-2.26414755560513,-1.8762663945831035,-1.8573881886470782,-1.9433699373310889,-1.85917961761293,-1.9525887462694445
19,-3.1870866433571443,-3.1870866433571443,-3.1870866433571443,-3.1870866433571443,-3.1870866433571443,-3.1870866433571443,-3.1870866433571443,-2.945886342942387,-2.4677896960121575,-2.5157842987342245,-2.352877618566389,-1.9461476152099126,-2.133786419628115,-2.111303726793433,-2.1469265967489646,-2.0595289638334253,-1.6622109918788064,-1.7077548124724216,-3.1870866433571443,-3.1870866433571443,-2.7749248717896924,-3.1870866433571443,-3.1870866433571443,-3.1870866433571443,-3.1870866433571443,-3.1870866433571443,-3.1870866433571443,-3.1870866433571443,-3.1870866433571443,-3.1870866433571443,-3.1870866433571443,-3.1870866433571443,-3.1870866433571443,-3.1870866433571443,-3.1870866433571443,-3.1870866433571443,-3.1870866433571443,-3.1870866433571443,-3.1870866433571443,-3.1870866433571443,-3.1870866433571443,-3.1870866433571443,-3.1870866433571443,-3.1870866433571443,-3.1870866433571443,-3.1870866433571443,-3.1870866433571443,-3.1870866433571443,-3.1870866433571443,-2.1704236640972567,-2.3155184839272254,-2.052399616622391,-1.8621909993966062,-2.0137419299069403,-2.0048252619321425,-1.8584784809436,-1.9191482805947104,-1.909031375545773,-2.005447767176372,-1.8969763441636587,-1.8591074222034327,-1.4886864235479673,-1.8101372194870764
20,-2.939170389845059,-2.811864346497546,-1.793628564164291,-1.9627966380600235,-2.2726008910680306,-2.640419020937068,-2.7747258363299427,-2.603660964846515,-2.5488338146660308,-2.2982850981876344,-1.6848488539853212,-1.5062033644847104,-1.8337112403062414,-1.9022296067793272,-2.599408739358038,-2.409357152327354,-2.536986304397547,-2.508422695415994,-2.9627696556866905,-2.924564798065823,-3.1870866433571443,-3.1870866433571443,-3.1870866433571443,-3.1870866433571443,-3.1870866433571443,-3.1870866433571443,-3.1870866433571443,-3.1870866433571443,-3.1870866433571443,-3.1870866433571443,-3.1870866433571443,-3.1870866433571443,-3.1870866433571443,-3.1870866433571443,-3.1870866433571443,-3.1870866433571443,-3.1870866433571443,-3.1870866433571443,-3.1870866433571443,-3.1870866433571443,-3.1870866433571443,-3.1870866433571443,-3.1870866433571443,-2.690120952218401,-2.817367213169708,-2.7743329437410336,-2.311464571007555,-2.6786644665940993,-2.2366004484152775,-2.180593988729156,-1.9630682065995209,-1.9152011611340816,-1.66758940792862,-1.7114791695035898,-1.9620089865875587,-1.9052241940146974,-2.2340088288000253,-2.09131283380628,-2.5422146475203284,-2.6127941776900605,-2.890183300994759,-2.9312399117601653,-3.1870866433571443
21,-1.7589712164857683,-1.6778865680473298,-1.6567166727872193,-1.6052773016681654,-1.542476589860851,-1.9518554739544767,-1.9577425291290353,-1.8580750960676955,-2.1374827885425574,-2.0633915470393225,-2.375688844383158,-2.405870232796801,-2.160434773872115,-2.206238224470378,-2.0315293075687566,-2.416089986147193,-2.2640768411845555,-2.164644615843967,-2.5024215947530477,-2.656443654736404,-2.7440464606082413,-3.1870866433571443,-3.1870866433571443,-3.1870866433571443,-2.8455714124987344,-2.9523963469736634,-2.642737914563664,-2.628506487225539,-2.6915317970276598,-2.7995964749442743,-2.9245714150031143,-3.1870866433571443,-3.1870866433571443,-3.003477463082214,-2.8593648417624755,-3.1870866433571443,-2.825507343302556,-2.7296526348894776,-3.1870866433571443,-2.9795111245160872,-3.1870866433571443,-3.1870866433571443,-3.005899791903653,-2.691521096544179,-2.547442071698659,-2.659627211326141,-2.3154784117958678,-2.2352983386103142,-2.2300894718201127,-2.1825596220396974,-2.148185591134076,-2.14371482733656,-2.2606197459906605,-2.0366050035537673,-2.5271243068460003,-2.0294042638703944,-2.413627321610884,-2.153455060372166,-2.2710277707857087,-2.04283372293259,-2.348690554688098,-2.408661339937244,-2.4448867245181196
22,-1.8297356753908014,-1.7236838538465127,-1.6510175294248124,-1.567584146049623,-1.6371662043099875,-1.8667936133234826,-2.109072880431324,-2.020663540853573,-2.1881417935891987,-1.9982969298966748,-2.3172899093293053,-2.39636941057587,-2.109064330789299,-2.204089971590167,-2.024879566873348,-2.2488426955962666,-2.2000508236094025,-1.858593204216693,-1.5543317507412957,-1.851146419641471,-2.185956494461665,-2.9269364410927543,-2.353883725560509,-2.3020094864359764,-2.10600733959774,-2.1277048835529717,-1.987007092708183,-1.9347077010490794,-1.9905739521666943,-1.9669319966975198,-2.101874112974107,-2.693735947299129,-2.4941671810121755,-2.3178799835885475,-2.237109935650939,-2.234572773049468,-2.1692383567585085,-2.330493994873974,-3.1870866433571443,-2.5398201830214195,-2.7972304906747265,-3.1870866433571443,-2.718430014544526,-2.3987779488819734,-2.174196821980962,-2.15569354971307,-2.0423630288820287,-2.26877313399498,-2.1831980815317547,-2.2131795244611046,-2.312852153520036,-2.447192420782393,-2.5426703255673635,-2.6061330474649136,-2.8617751724058333,-2.468653678226678,-2.6629274269486416,-2.345483034366671,-2.1969248277045397,-1.8992913875707977,-1.9188645794707597,-1.8745756602726826,-1.6441242620155991
23,-1.7088354125768304,-1.5932341326567974,-1.8684069830330152,-1.6126843238728945,-1.6583889398200111,-1.9255777288486409,-1.8631986936352405,-1.7376899325816342,-2.029088762744882,-2.0907352702845734,-2.1460919023012246,-2.0340523678306726,-2.0689974592974005,-2.123244078088759,-1.8952898774381393,-2.2507400733503085,-2.3311273866557682,-2.1430376915421108,-2.0021618448753724,-1.8848554994818008,-1.926841796256599,-2.199603532798856,-2.3279132227353494,-2.097910503916805,-2.451580421639723,-2.525069450350929,-2.5503758738295876,-2.407445754098157,-2.6310564678172814,-2.617554152632367,-2.5850861114282804,-2.523306398602993,-2.391363318830943,-2.494959836595396,-2.5889465777126337,-2.4524243045193543,-2.4811456256321445,-2.4019349244195483,-2.1802495752331836,-2.737884366059521,-2.4973198752215917,-2.4578087294345585,-2.5127105440758895,-1.7831274711946652,-1.8599342783634192,-2.4522866024323995,-2.1402731652249773,-1.9474208665612325,-2.0089924516529094,-2.1902261192874555,-2.1569914303055078,-2.2607944010135306,-2.4103371457053253,-2.3514933142339935,-2.4601720900146944,-2.459672585780204,-2.47835667369071,-2.3535866384023847,-2.206926849721582,-2.1794269429235604,-2.301493815183502,-1.864392076774608,-2.0034298317432415
24,-3.1870866433571443,-3.1870866433571443,-3.1870866433571443,-3.1870866433571443,-3.1870866433571443,-3.1870866433571443,-3.1870866433571443,-3.1870866433571443,-3.1870866433571443,-3.1870866433571443,-3.1870866433571443,-3.1870866433571443,-3.1870866433571443,-3.1870866433571443,-3.1870866433571443,-2.268662286713361,-2.466188230246321,-2.284361739942141,-0.9288433938346643,-1.2756570913566614,-1.5514778981484767,-2.083264417077418,-2.0740553823674923,-2.080765208157958,-2.4972892788460275,-2.5350008822480152,-2.618505074113177,-2.614598077894869,-2.79009399163793,-2.6945153515369658,-2.772938414574972,-2.8502037226226937,-2.777596515459629,-3.000024673378698,-3.1870866433571443,-2.6714182552305985,-3.1870866433571443,-3.1870866433571443,-3.1870866433571443,-3.1870866433571443,-3.1870866433571443,-3.1870866433571443,-3.1870866433571443,-3.1870866433571443,-3.1870866433571443,-3.1870866433571443,-3.1870866433571443,-3.1870866433571443,-1.9060981052652641,-2.270176442406613,-2.0692760243648283,-2.133934597438299,-2.6578736045195486,-2.2600795379379752,-2.0646307293708617,-2.116597857562771,-1.9290347506470709,-1.8614221949497687,-2.153843278019685,-2.047815046818561,-2.370227793430661,-2.2157901230008843,-3.1870866433571443
25,-3.1870866433571443,-3.1870866433571443,-3.1870866433571443,-2.647816235672523,-2.312355429874672,-2.2355415639261826,-1.9999034397598818,-2.275817634958617,-1.8312229175509187,-1.825474005001273,-2.0490786562404777,-2.0153185292272076,-1.9765151519397917,-2.098388157211077,-2.610060231913447,-2.6647870492017525,-2.387365546383421,-2.688203799792417,-2.974623309232637,-2.8955118950246095,-2.6185322359175167,-1.9279341604294271,-2.256713433160563,-2.1075875253195333,-2.148149463165934,-2.138279385486577,-2.111445932092431,-2.065354120071138,-2.077161590903911,-2.1174120582230427,-2.2075584082883575,-2.229618086218546,-2.1626372629215074,-2.3532816573969795,-2.4512282058844237,-2.349021791872639,-2.412172595158784,-2.5097662244114125,-2.40467831484518,-2.956072852210161,-2.709342683545715,-2.680338241960542,-2.9755269875969,-2.844249966131567,-3.1870866433571443,-2.874582610002309,-2.384699715294766,-2.985089884395741,-2.50493951237276,-2.2083874739167,-2.1868666092844973,-2.1703490003348547,-2.229954997542459,-2.2268898515893722,-2.047356568526682,-2.28768034091225,-2.3394104098242945,-2.2222084174234333,-2.473232232513882,-2.4506417351723155,-2.4596718580711974,-2.600026027993196,-2.207313697418824
26,-3.1870866433571443,-3.1870866433571443,-3.1870866433571443,-3.1870866433571443,-3.1870866433571443,-2.3032465719011066,-2.568706047089037,-2.155968020106313,-2.0291150877017006,-2.614943375921738,-2.189354105459854,-3.1870866433571443,-2.2114014590340014,-2.0559892107151008,-2.1616247044194323,-2.404133880174705,-2.053689148301088,-2.269632357924898,-2.353824241430763,-1.7337238580130225,-1.2532877602803647,-3.1870866433571443,-1.4800088907986335,-1.4139260253211459,-3.1870866433571443,-3.1870866433571443,-2.922758616402782,-3.1870866433571443,-3.1870866433571443,-3.1870866433571443,-3.1870866433571443,-3.1870866433571443,-3.1870866433571443,-3.1870866433571443,-3.1870866433571443,-3.1870866433571443,-3.1870866433571443,-3.1870866433571443,-3.1870866433571443,-3.1870866433571443,-2.377534050606777,-2.4425347833266575,-2.0427460541258697,-1.6213252950483057,-1.5152788497984406,-1.5695602608557193,-1.8445512338510646,-1.2524786384241697,-3.1870866433571443,-2.2207402737764252,-3.1870866433571443,-2.446065249479365,-2.0926494013303265,-2.37581887451629,-2.12429994260835,-2.987254596797941,-2.1278978498709744,-2.5462660101844508,-1.7409004644286357,-1.5312411505449712,-2.0852067323677455,-2.5574383852506926,-2.107561383232159
27,-3.1870866433571443,-3.1870866433571443,-3.1870866433571443,-3.1870866433571443,-3.1870866433571443,-1.9762710371923071,-1.9211557956501537,-1.6569381813048045,-1.608226556887868,-1.599561238033479,-1.6996577302464404,-2.2400172896907313,-2.1037774978183745,-1.960842202140342,-2.5701909581167586,-2.8408783082574334,-2.81614001823987,-3.1870866433571443,-3.1870866433571443,-3.1870866433571443,-3.1870866433571443,-3.1870866433571443,-3.1870866433571443,-3.1870866433571443,-3.1870866433571443,-3.1870866433571443,-3.1870866433571443,-3.1870866433571443,-3.1870866433571443,-3.1870866433571443,-3.1870866433571443,-3.1870866433571443,-3.1870866433571443,-3.1870866433571443,-3.1870866433571443,-3.1870866433571443,-3.1870866433571443,-3.1870866433571443,-3.1870866433571443,-3.1870866433571443,-3.1870866433571443,-3.1870866433571443,-3.1870866433571443,-3.1870866433571443,-3.1870866433571443,-3.1870866433571443,-3.1870866433571443,-3.1870866433571443,-2.091715322694704,-2.2260811465275814,-1.9432030993621063,-2.3701401343427273,-2.093688115402487,-2.110721077632489,-3.1870866433571443,-3.1870866433571443,-3.1870866433571443,-3.1870866433571443,-3.1870866433571443,-3.1870866433571443,-2.6545527889162712,-2.6680997734524223,-3.0028049678513637
28,-3.1870866433571443,-3.1870866433571443,-3.1870866433571443,-3.1870866433571443,-3.1870866433571443,-3.1870866433571443,-3.1870866433571443,-3.1870866433571443,-3.1870866433571443,-3.1870866433571443,-3.1870866433571443,-3.1870866433571443,-3.1870866433571443,-2.663849216458275,-2.6759105938056393,-2.3201642775271902,-2.3069950267278343,-2.056891687355169,-3.1870866433571443,-2.4167204288573743,-2.338270751108532,-3.1870866433571443,-2.485239222658146,-2.264651130957712,-3.1870866433571443,-2.633944408013246,-2.8719889683598874,-3.1870866433571443,-3.1870866433571443,-3.1870866433571443,-3.1870866433571443,-3.1870866433571443,-3.1870866433571443,-3.1870866433571443,-3.1870866433571443,-3.1870866433571443,-3.1870866433571443,-3.1870866433571443,-3.1870866433571443,-3.1870866433571443,-3.1870866433571443,-3.1870866433571443,-3.1870866433571443,-2.996640068876584,-2.9605523800242333,-2.3704815620420443,-2.48809704700561,-2.186476605087157,-2.171595596224372,-2.2585161703645453,-2.807970403163952,-2.236495112580298,-2.240836335273172,-2.2273210441613704,-2.019560721989432,-2.2830781148195034,-2.2229384156068748,-2.398883443001763,-2.212736088511319,-1.9774739205829717,-1.8302676316521664,-2.4562064493610194,-1.977036815596632
30,-3.1870866433571443,-3.1870866433571443,-1.5515645206254607,-1.7303952530442568,-2.111277736187405,-2.207762155226889,-2.3565090940722793,-2.6783117747859446,-3.1870866433571443,-3.1870866433571443,-3.1870866433571443,-2.999937922934836,-3.1870866433571443,-2.897669077845821,-3.1870866433571443,-2.36851405339653,-2.610899283591042,-2.764827202172963,-2.5391390426323146,-1.9880128860700383,-2.637942722682572,-3.1870866433571443,-3.1870866433571443,-3.1870866433571443,-3.1870866433571443,-2.8467140646646656,-2.7366594308302283,-2.8165823910501615,-2.4492123630045954,-2.558136687609553,-2.7646047741780464,-2.628175541056854,-2.6037210493835077,-2.3203020335923297,-2.1495957045175325,-1.9762381205407689,-2.0460027403958487,-2.1393733007047793,-2.7367823859520066,-3.1870866433571443,-3.1870866433571443,-3.1870866433571443,-3.1870866433571443,-3.1870866433571443,-2.980550270322351,-2.2803180375241725,-2.075432045523412,-2.846221442399576,-1.9935245064838756,-2.2967205832683892,-2.1585039320154027,-2.5472347994932307,-2.6154075517940116,-2.749315540972221,-2.7676925418336853,-2.3468947464388936,-2.619060627340859,-2.2617210781544776,-2.6273160196201837,-2.3221739820533553,-2.2171260228983325,-1.5443413711826441,-2.234003833859047
31,-2.477158054851887,-2.3701571153786856,-2.4514407289757814,-2.2428676514343278,-2.178472638348313,-2.1363050899609375,-2.191732304548211,-2.0021658199244317,-2.415020998743757,-2.499799134240712,-2.1325014555530943,-2.2730106842470765,-1.788717182625108,-1.7092544007602295,-1.5212853957510728,-2.2562453713190003,-2.382404405228238,-2.168010661192521,-1.6879422351780837,-1.9215649282654264,-1.9364971748370572,-2.532226739432808,-2.154654081368997,-2.056217598648976,-1.995992829446146,-2.1596358548369805,-2.071545856704708,-2.140731165265228,-2.0158076418378066,-2.169743875255132,-2.31263068189158,-2.27564988892834,-2.5012163221470494,-2.409875061714271,-2.572222697984948,-2.3927264076973804,-2.4139704924620555,-1.9723868217604004,-2.1999932142057976,-2.8301432881253037,-2.1986829589843557,-2.0800021124059174,-2.248170192938962,-1.8159834650151188,-2.116733309547788,-2.2232366164298476,-2.2060018363754654,-2.231629521063108,-2.460582155645653,-2.3333128260926315,-2.247833231129395,-2.4800042954671633,-2.579900782127136,-2.3206130833968253,-2.4561817712627656,-2.291840300096479,-2.4313939138552536,-2.114218427980362,-2.2797220567375094,-2.2738005883949937,-2.149425590921158,-2.175535094802728,-2.602006863804897
33,-2.344348587816852,-2.1720367815234694,-1.5976679401936005,-1.372435217292308,-1.2036649217939768,-1.55920920409914,-2.0765855541908627,-1.7902302501745544,-2.281187108526876,-2.2538677765877524,-2.819392460754865,-3.1870866433571443,-3.1870866433571443,-3.1870866433571443,-2.6372783655663135,-2.911387953998023,-3.1870866433571443,-2.9918067932308254,-0.8646308079356794,-1.4398655403972649,-1.7072698007119482,-2.1314344997851467,-2.0804765834482386,-1.9620458648556827,-2.445487704266509,-3.1870866433571443,-3.1870866433571443,-3.1870866433571443,-3.1870866433571443,-3.1870866433571443,-3.1870866433571443,-3.1870866433571443,-3.1870866433571443,-3.1870866433571443,-3.1870866433571443,-3.1870866433571443,-3.1870866433571443,-3.1870866433571443,-3.1870866433571443,-3.1870866433571443,-3.1870866433571443,-3.1870866433571443,-2.7995795516707807,-1.5802928615246972,-1.775910072333149,-1.8865151491152825,-1.2189060381604377,-1.7752728717228892,-1.8844869419287316,-2.3758618902397926,-2.1896731759045225,-2.5045458166061105,-2.5546787831907145,-2.723995735901431,-3.1870866433571443,-2.603913368209316,-2.6755522656228408,-1.9255882423258588,-2.0421519864824513,-1.8130032543017869,-2.071634816289523,-2.23961314564806,-3.1870866433571443
34,-2.379554323842481,-2.2180724255129003,-1.9257283685718873,-1.8700992383819983,-1.8908382271903974,-2.053459941181314,-2.701481573250928,-2.0101339724165577,-2.519732735090945,-2.3623027946241932,-2.2984111995702765,-2.048466965493217,-2.205526243702033,-2.13348171532449,-1.7896060214357947,-2.373427201187225,-2.711591757095606,-2.701111755214707,-1.5388798349755237,-2.023693865824322,-2.1723091412279625,-1.6459453432767013,-2.0144819720861613,-2.435862311919115,-2.545003594798761,-2.9658667457694805,-3.1870866433571443,-3.1870866433571443,-3.1870866433571443,-3.1870866433571443,-3.1870866433571443,-3.1870866433571443,-3.1870866433571443,-3.1870866433571443,-3.1870866433571443,-3.1870866433571443,-3.1870866433571443,-3.1870866433571443,-3.1870866433571443,-3.1870866433571443,-3.1870866433571443,-3.1870866433571443,-3.1870866433571443,-3.1870866433571443,-2.9605523800242333,-3.1870866433571443,-2.458826130577965,-2.1817180902587126,-2.259628854372723,-2.3578520103376457,-2.3277091764243463,-2.501437761689986,-2.55936469358517,-2.565605099406601,-2.6561098204846614,-2.483754111524188,-2.5147400101099047,-3.1870866433571443,-3.1870866433571443,-3.1870866433571443,-3.1870866433571443,-2.608475924260316,-3.1870866433571443
35,-2.3674900656464635,-1.8916923982752971,-1.6850567463435395,-1.744042088138402,-1.8450240343358462,-2.0027932786736353,-2.1843117559571676,-2.1583862747015226,-2.4903039073995354,-2.49802369758396,-2.5890998534929177,-2.6870952654280917,-2.6391749932233743,-2.3549699969639883,-2.6079224587663847,-3.1870866433571443,-3.1870866433571443,-3.1870866433571443,-3.1870866433571443,-3.1870866433571443,-3.1870866433571443,-3.1870866433571443,-3.1870866433571443,-3.1870866433571443,-3.1870866433571443,-3.1870866433571443,-3.1870866433571443,-3.1870866433571443,-3.1870866433571443,-3.1870866433571443,-3.1870866433571443,-3.1870866433571443,-3.1870866433571443,-3.1870866433571443,-2.9922327515927862,-3.1870866433571443,-2.8677932687513574,-1.8155423294252657,-2.318470956447682,-3.1870866433571443,-1.8842969612472624,-1.975917081926077,-2.087413751125595,-2.757994132768417,-2.7255863352732783,-3.1870866433571443,-2.235712347720864,-3.1870866433571443,-2.7623550223538924,-2.397369648182423,-3.1870866433571443,-3.1870866433571443,-3.1870866433571443,-3.1870866433571443,-3.1870866433571443,-3.1870866433571443,-3.1870866433571443,-3.1870866433571443,-3.1870866433571443,-3.1870866433571443,-3.1870866433571443,-3.1870866433571443,-3.1870866433571443
36,-3.1870866433571443,-3.1870866433571443,-3.1870866433571443,-3.1870866433571443,-3.1870866433571443,-3.1870866433571443,-3.1870866433571443,-3.1870866433571443,-3.1870866433571443,-3.1870866433571443,-3.1870866433571443,-2.7261010122950657,-2.5022700928418327,-2.581866451221369,-2.1874872306075956,-2.4901402720302093,-2.4954017519152734,-3.1870866433571443,-3.1870866433571443,-3.1870866433571443,-3.1870866433571443,-3.1870866433571443,-3.1870866433571443,-3.1870866433571443,-3.1870866433571443,-3.1870866433571443,-3.1870866433571443,-3.1870866433571443,-3.1870866433571443,-3.1870866433571443,-3.1870866433571443,-3.1870866433571443,-3.1870866433571443,-3.1870866433571443,-3.1870866433571443,-3.1870866433571443,-3.1870866433571443,-3.1870866433571443,-3.1870866433571443,-3.1870866433571443,-3.1870866433571443,-3.1870866433571443,-3.1870866433571443,-3.1870866433571443,-3.1870866433571443,-3.1870866433571443,-3.1870866433571443,-3.1870866433571443,-1.694270924139135,-2.384838633127615,-2.2902557731380795,-2.3971063960703365,-2.6154075517940116,-2.017531865535782,-2.0325039526543973,-2.190958905554258,-2.227480011801805,-2.1374387832910164,-2.3335334693183403,-3.1870866433571443,-3.1870866433571443,-3.1870866433571443,-2.1739982551873025
38,-3.1870866433571443,-3.1870866433571443,-3.1870866433571443,-2.6955518358963593,-2.9433198532252245,-3.1870866433571443,-3.1870866433571443,-2.1126640279444295,-2.867138188306485,-2.955431515681241,-3.1870866433571443,-2.818876193871672,-2.9114582892966707,-2.7427630261590497,-2.164356504160815,-2.746816237989413,-2.9391958603142183,-3.1870866433571443,-2.4400066029538374,-2.063423317345328,-2.2148106614700196,-2.2230419672880526,-1.8278300774022216,-1.7536539604423107,-1.4478156129580406,-1.6829996708949548,-1.5974243206787342,-1.6542474712106259,-1.6255901081727513,-1.6392870709455578,-1.602618171945961,-1.6008949115710465,-1.4799344084539692,-1.5817169378880098,-1.6237417481272982,-1.626843389175573,-1.3936567607578783,-1.6447006063966132,-1.4915392822227298,-2.1678135946904606,-2.3082810528788698,-2.384610905806319,-2.1199475830769363,-2.4397220296123385,-2.256641216134438,-1.9270766791048428,-2.2112308154559606,-1.9436124343216208,-2.5938656406875547,-2.4627458992728934,-2.8803092101904535,-2.5789612670739483,-2.4894749174552184,-2.494699763903496,-2.4212557612463717,-2.7718572633664915,-2.313339234657075,-2.4348995238751736,-2.207237337501493,-2.221706027033313,-2.451923523971195,-2.282884503999856,-2.286028488912319
39,-2.0104936519274914,-2.2359513769950805,-2.0562975604419553,-2.207803322243547,-1.855063072769124,-1.917833788484688,-2.3305872813550126,-2.1808658268932093,-2.4512765739721707,-2.5678977351465972,-2.9223337294694396,-2.9343047232109,-3.1870866433571443,-2.914141984053826,-2.876344645724274,-3.1870866433571443,-3.1870866433571443,-3.1870866433571443,-3.1870866433571443,-2.079878005208031,-1.4364042843773883,-2.1385249099703785,-2.660046572603991,-2.590593004268775,-2.1975709929416625,-2.135561295559703,-2.1666036934514286,-2.106297295560541,-2.133205977912579,-2.3430451420679863,-2.2282815118435684,-2.4429135148924033,-2.4074220140341596,-2.56812526779507,-2.6579453071091623,-2.694777564881214,-2.885275589442817,-3.1870866433571443,-3.1870866433571443,-3.1870866433571443,-3.1870866433571443,-3.1870866433571443,-2.9028341246242486,-2.8033835054178615,-2.2058233948496295,-2.7982041611428685,-2.7046606642890736,-2.802174635821096,-2.0088874447984826,-2.5064543436935756,-2.396159894810742,-2.880415284220248,-3.1870866433571443,-2.877220390853374,-2.7477114009473875,-3.1870866433571443,-2.871080149512848,-2.092563397429618,-2.8734476524051633,-3.1870866433571443,-3.1870866433571443,-2.3669178419468437,-3.1870866433571443
42,-3.1870866433571443,-3.1870866433571443,-3.1870866433571443,-3.0050844353613244,-2.7267548061062596,-2.7537854401563937,-3.1870866433571443,-2.784536068509162,-3.1870866433571443,-3.1870866433571443,-3.1870866433571443,-3.1870866433571443,-2.9872057659265194,-2.764495509554758,-2.2841734867793893,-2.7240748259209044,-2.913050031247926,-3.1870866433571443,-2.445302166465218,-2.3943066603751153,-2.2087374012469136,-3.1870866433571443,-2.332763057304818,-2.3862285507071714,-2.2698001166136685,-2.6788820870865684,-2.3554803143940464,-2.4697562636100163,-2.367027834700572,-2.432029711970926,-2.7710908257515605,-2.8502037226226937,-3.1870866433571443,-2.8525207427024357,-2.9127445586073977,-2.878988721201985,-2.832440499912143,-2.1840133156700596,-2.466478369666205,-2.923816498329325,-2.7439509106784334,-2.7884745195401277,-2.584482165953977,-2.622008288583192,-2.590309053794355,-2.3580959317604644,-2.5468862873559686,-2.454639287488472,-2.564225320603602,-2.6265745377000935,-2.7209363507568796,-2.6093204510298746,-2.868058741439102,-2.6300223061104435,-2.832919182121241,-2.466490913141639,-2.5519580090462477,-2.8686476577352478,-2.652560769353249,-2.4919293580692594,-2.4901416999249886,-2.465681870249674,-2.8975578617139037
43,-3.1870866433571443,-3.1870866433571443,-3.1870866433571443,-3.1870866433571443,-3.1870866433571443,-3.1870866433571443,-3.1870866433571443,-3.1870866433571443,-3.1870866433571443,-3.1870866433571443,-3.1870866433571443,-3.1870866433571443,-3.1870866433571443,-3.1870866433571443,-3.1870866433571443,-3.1870866433571443,-3.1870866433571443,-3.1870866433571443,-3.1870866433571443,-3.1870866433571443,-3.1870866433571443,-3.1870866433571443,-3.1870866433571443,-3.1870866433571443,-3.1870866433571443,-3.1870866433571443,-3.1870866433571443,-3.1870866433571443,-3.1870866433571443,-3.1870866433571443,-3.1870866433571443,-3.1870866433571443,-3.1870866433571443,-3.1870866433571443,-3.1870866433571443,-3.1870866433571443,-3.1870866433571443,-2.617126557454368,-2.169322328645263,-2.4984351366578585,-2.34954184243796,-2.4360313244831495,-2.517020453450786,-2.1009005253443442,-2.0414460420801803,-1.630634666970712,-2.29328704916137,-1.4922394508053125,-3.1870866433571443,-2.6329512265772275,-3.1870866433571443,-2.915176840248232,-2.939879914613778,-3.1870866433571443,-2.065827519393201,-3.1870866433571443,-2.2493764905343645,-2.880916651196155,-2.1373740941331434,-2.106874373125501,-2.2133269264939206,-3.1870866433571443,-1.8857066799694122
44,-3.1870866433571443,-3.1870866433571443,-3.1870866433571443,-3.1870866433571443,-3.1870866433571443,-3.1870866433571443,-3.1870866433571443,-3.1870866433571443,-3.1870866433571443,-3.1870866433571443,-2.510415177418111,-2.0570998308766653,-2.2806884519664807,-2.39058622822304,-2.171011702558435,-2.7052749485968115,-3.1870866433571443,-3.1870866433571443,-3.1870866433571443,-3.1870866433571443,-3.1870866433571443,-3.1870866433571443,-3.1870866433571443,-3.1870866433571443,-3.1870866433571443,-3.1870866433571443,-3.1870866433571443,-3.1870866433571443,-3.1870866433571443,-3.1870866433571443,-3.1870866433571443,-3.1870866433571443,-3.1870866433571443,-3.1870866433571443,-3.1870866433571443,-3.1870866433571443,-3.1870866433571443,-3.1870866433571443,-3.1870866433571443,-3.1870866433571443,-3.1870866433571443,-3.1870866433571443,-3.1870866433571443,-3.1870866433571443,-3.1870866433571443,-3.1870866433571443,-2.4629361449636376,-2.733537826169937,-2.5589794047532175,-2.5179593940564744,-2.361485209744404,-2.2984575267556946,-2.2349651747008323,-2.5183284787744666,-2.553944317719653,-2.919686808337569,-2.7282050967659273,-2.6096156344333887,-3.1870866433571443,-3.1870866433571443,-3.1870866433571443,-3.1870866433571443,-3.1870866433571443
45,-2.125053726824827,-2.21780555897658,-1.6185359144757545,-1.5957471724828156,-1.86384297193149,-2.1596819391371773,-2.0788166144601714,-2.0455551713552587,-2.0968544629776242,-2.088866303970976,-2.154235996780935,-2.2091930388204366,-1.9482145657504852,-1.8041650313079598,-2.105215633742727,-2.268662286713361,-2.0559141399476784,-1.7751881553210227,-2.498389107356314,-2.531504918128104,-2.153740630545053,-1.7891682402695852,-3.1870866433571443,-3.1870866433571443,-2.417813341306523,-2.064662965611558,-2.163794734830174,-2.129101172586946,-2.3088353025166857,-2.3117819547515586,-2.238656174541937,-2.199012075669459,-2.3208785062344055,-2.4678369885830924,-2.553578809234091,-2.5918293229589677,-2.6767977124172018,-3.1870866433571443,-2.995034761902194,-3.1870866433571443,-3.1870866433571443,-3.1870866433571443,-3.1870866433571443,-2.3626125502797723,-2.4564595151449375,-2.659627211326141,-2.1932873691649686,-2.4333344568121333,-2.5573064289849285,-2.6587865036116978,-2.4863800059488343,-2.765038702930803,-3.1870866433571443,-2.8353464774382005,-2.6742484173005634,-2.4975069221319757,-2.548243992041206,-2.14975228802598,-2.5654498166402373,-2.595828580724098,-2.8377230252149923,-2.419731035980169,-2.385241947261365
46,-2.294217480149084,-2.9042846590098343,-2.3177634701411023,-2.299822696791086,-2.443608953194828,-2.7104813969543446,-2.781233143382352,-2.329877525145252,-2.289453705108482,-2.063300105554427,-2.918453560890175,-3.1870866433571443,-3.1870866433571443,-2.25321904045221,-2.3639409614077667,-2.511781641115872,-2.6584292086679153,-3.1870866433571443,-2.8010609475579815,-2.754126559603182,-3.1870866433571443,-3.1870866433571443,-3.1870866433571443,-3.1870866433571443,-3.1870866433571443,-3.1870866433571443,-3.1870866433571443,-3.1870866433571443,-3.1870866433571443,-3.1870866433571443,-3.1870866433571443,-3.1870866433571443,-3.1870866433571443,-3.1870866433571443,-3.1870866433571443,-3.1870866433571443,-3.004782050900023,-3.1870866433571443,-2.992517322116433,-3.1870866433571443,-3.1870866433571443,-2.6886930671166764,-2.5595639750001853,-2.367775066497146,-2.322508367658281,-2.2284782353641597,-2.228858726356601,-2.84118249819064,-2.3788100920539255,-2.5582678380453685,-3.1870866433571443,-3.1870866433571443,-3.1870866433571443,-3.1870866433571443,-3.1870866433571443,-3.1870866433571443,-3.1870866433571443,-2.847296005848432,-3.1870866433571443,-2.700411452557673,-2.926340951381021,-2.7853476747046817,-3.1870866433571443
48,-3.1870866433571443,-3.1870866433571443,-3.1870866433571443,-3.1870866433571443,-3.1870866433571443,-2.7979587998621964,-3.1870866433571443,-2.9360890254190544,-3.1870866433571443,-2.9417281130241464,-3.1870866433571443,-3.1870866433571443,-3.1870866433571443,-3.1870866433571443,-3.1870866433571443,-2.424519096600635,-2.6988621135367574,-2.346082276601352,-3.1870866433571443,-1.8296502923491527,-1.7414056013755232,-3.1870866433571443,-1.7160854688373701,-2.0661193075220528,-1.9644976170185775,-1.8967910250314124,-1.7240011404341498,-1.7109042383454443,-1.8896373724109827,-2.01018738473575,-2.070197429461214,-2.1855700797850535,-2.2564870870819513,-2.1944938787271413,-2.435623303887735,-2.3946363974430716,-2.264626920753646,-2.2199392556359454,-1.7304339783744205,-2.268016612240729,-2.260439941253328,-2.4085358579164837,-2.0923294219739206,-1.9806264473213213,-2.1611746185398424,-1.573092652554466,-2.49939459336064,-1.6522228747882552,-3.1870866433571443,-2.673590249045908,-3.1870866433571443,-2.764530236859817,-2.5734170764768427,-2.742997961924918,-2.0825867780573,-2.910749803877896,-2.0398119208582197,-2.4951134877370693,-1.9196860425455058,-1.8760181409580035,-2.007465415658906,-2.6185414045942195,-1.7349587207407715
50,-1.990525135589378,-1.8035668842531565,-2.0173485235271245,-1.9788659856056168,-1.9517518964451475,-2.2281015567736846,-2.2572793774122797,-2.0536638654403383,-2.1206327449053677,-2.0542890113073446,-2.2209750243006194,-2.4319472976430023,-2.3244507771282006,-2.2885865701051475,-2.293149386484237,-2.4775315632376516,-2.3064394204110417,-2.1217878397924816,-2.611733689291428,-2.773188202515716,-2.7410580061095144,-2.8851007296932965,-2.5966138549557454,-2.548807700048806,-2.5550505903843725,-2.4404507202633785,-2.457666109427087,-2.391762524826975,-2.545875172219622,-2.4826237215336002,-2.4761359840875623,-2.3289631491622362,-2.3411958119207164,-2.491694937032774,-2.492659340061316,-2.6421864671041875,-2.6108279189367973,-2.5157070098341503,-2.469975345027262,-3.1870866433571443,-2.1934232933609716,-2.1003214365922696,-2.0788159246132145,-2.202660979526386,-2.289844585373647,-2.906640728502377,-2.5915318375168215,-2.5584617870366198,-2.386503597132772,-2.5963548920418216,-2.4047012586561514,-2.7348195699759654,-2.880930777791117,-2.7690124852014915,-3.1870866433571443,-2.5968004419897226,-2.9352270067387805,-2.507719125527534,-2.8596220015488316,-2.904572481901583,-3.1870866433571443,-2.781087126585033,-3.1870866433571443
51,-2.6779694302231754,-2.6904353041120737,-1.998944041997881,-1.9663685731218128,-2.163737057309872,-2.299454454445829,-2.4756378154621292,-2.228697204582976,-2.959898015892179,-3.1870866433571443,-3.1870866433571443,-3.1870866433571443,-3.1870866433571443,-3.1870866433571443,-2.575950268181273,-3.1870866433571443,-3.1870866433571443,-3.1870866433571443,-2.5935448138814974,-3.1870866433571443,-3.1870866433571443,-3.1870866433571443,-3.1870866433571443,-3.1870866433571443,-3.1870866433571443,-3.1870866433571443,-3.1870866433571443,-3.1870866433571443,-3.1870866433571443,-3.1870866433571443,-3.1870866433571443,-3.1870866433571443,-3.1870866433571443,-3.1870866433571443,-3.1870866433571443,-3.1870866433571443,-3.1870866433571443,-3.1870866433571443,-3.1870866433571443,-3.1870866433571443,-3.1870866433571443,-3.1870866433571443,-3.1870866433571443,-3.1870866433571443,-3.1870866433571443,-3.1870866433571443,-3.1870866433571443,-3.1870866433571443,-2.7100143979919507,-2.5767036768360283,-2.354050462791725,-2.719202247251921,-3.1870866433571443,-3.1870866433571443,-3.1870866433571443,-3.1870866433571443,-3.1870866433571443,-2.3595223909441994,-1.9183389069776238,-1.8004805465547407,-2.156575969488989,-1.9932402937276936,-3.1870866433571443
54,-3.1870866433571443,-3.1870866433571443,-3.1870866433571443,-3.1870866433571443,-3.1870866433571443,-3.1870866433571443,-3.1870866433571443,-3.1870866433571443,-2.8791767138528925,-3.1870866433571443,-3.1870866433571443,-3.1870866433571443,-3.1870866433571443,-2.951139896012419,-3.1870866433571443,-2.8128116367798532,-2.6441662979423164,-2.4300936314614243,-3.1870866433571443,-2.6711190415129678,-2.610453674942358,-3.1870866433571443,-2.57275744018792,-2.6502770040573074,-3.1870866433571443,-2.526558618083642,-2.698474401304108,-2.5775673934513255,-2.633955131207213,-2.4896701875496046,-2.462954611987255,-2.212056862531916,-2.100096974615919,-2.059833393242415,-2.151199868484558,-2.0584815139937866,-2.089642018367714,-1.7665314639676384,-1.7026129562957313,-1.8555867051824617,-1.555926379911555,-1.5527935623295446,-1.6679644690920106,-1.5611113992073455,-1.6110497734781795,-1.9487170877459516,-2.1196668220961903,-2.1474001257007918,-3.1870866433571443,-2.7228890660341944,-3.1870866433571443,-3.1870866433571443,-2.9435443596639046,-3.1870866433571443,-2.6272631473857015,-3.1870866433571443,-2.521353014931845,-2.9173600693804738,-2.6034584369223053,-2.8098022603228134,-2.764628484875331,-3.1870866433571443,-2.6848794117101455
55,-2.3749236737259545,-2.605779420372852,-2.5161768029210227,-2.229845646026973,-2.3084530903335443,-2.4339363010070407,-2.051212662179272,-2.05225501940899,-2.4320647702250473,-2.538485069261827,-2.9364947957012375,-2.8727668109974984,-2.512785366299441,-2.3952814487072875,-2.639481619892092,-3.1870866433571443,-3.1870866433571443,-2.428679999451155,-2.349790920417897,-2.587232520755305,-2.0607328260714706,-1.9734039395950265,-2.77101624778906,-2.4115496675589654,-2.2986472113167653,-1.9865185760752198,-1.9279454834688818,-1.9020765743744066,-1.867377462271679,-1.8242884821900065,-1.8068892537337675,-1.8245681503790312,-1.7753178811574597,-1.9875846180963088,-2.008304769667492,-2.0812476481602493,-2.177960076220542,-2.6525100708684257,-2.512345337164674,-3.1870866433571443,-2.2670361846636515,-1.9925383485416859,-1.9297084893252878,-2.261607139317698,-2.6208792296821475,-2.874582610002309,-2.452537493971078,-2.511446484598203,-2.729979143165048,-2.856451240721653,-2.7933753929476968,-3.1870866433571443,-3.1870866433571443,-3.1870866433571443,-3.1870866433571443,-3.1870866433571443,-2.8595663678287333,-2.7081945502655174,-2.668967779457746,-2.6891183393780183,-2.5509260732468406,-2.6997671355791573,-2.152812183021317
69,-3.1870866433571443,-3.1870866433571443,-3.1870866433571443,-3.1870866433571443,-3.1870866433571443,-3.1870866433571443,-3.1870866433571443,-3.1870866433571443,-3.1870866433571443,-3.1870866433571443,-3.1870866433571443,-3.1870866433571443,-3.1870866433571443,-3.1870866433571443,-2.775499998413719,-3.1870866433571443,-3.1870866433571443,-3.1870866433571443,-3.1870866433571443,-2.891699060811474,-2.6733904237885486,-3.1870866433571443,-2.578090638835116,-2.673031175055,-3.1870866433571443,-3.1870866433571443,-2.927375473692529,-3.1870866433571443,-3.1870866433571443,-3.1870866433571443,-3.1870866433571443,-3.1870866433571443,-3.1870866433571443,-3.1870866433571443,-3.1870866433571443,-3.1870866433571443,-3.1870866433571443,-2.098609481412052,-2.160994477030025,-2.6455695119536533,-2.448465817240836,-2.247564296799509,-2.2166878956786285,-2.3904616539604295,-2.1615956134440086,-2.1420308285774268,-2.647570257713875,-2.3549158546214306,-2.175120883069056,-2.8658499494047427,-2.8179961573692536,-2.6785780108841384,-2.8262173475712773,-2.6106922256041227,-2.8965919863654097,-3.1870866433571443,-2.6312015798501096,-2.6231499543599326,-2.1477718443024365,-2.5495133371545036,-2.683978374513385,-2.6230668263466126,-2.2437206866776584
71,-2.505205543774408,-2.4631610575616905,-2.191316540458481,-1.9548575562852069,-2.119188915477371,-2.3789338772864252,-2.316875788396748,-2.308683428956347,-2.4518657939303514,-2.3926126837260218,-2.770394139404012,-2.6819509441405995,-3.1870866433571443,-3.1870866433571443,-3.1870866433571443,-3.1870866433571443,-2.975104452791896,-2.7877337274040235,-3.1870866433571443,-3.1870866433571443,-3.1870866433571443,-3.1870866433571443,-3.1870866433571443,-3.1870866433571443,-3.1870866433571443,-3.1870866433571443,-3.1870866433571443,-3.1870866433571443,-3.1870866433571443,-3.1870866433571443,-3.1870866433571443,-3.1870866433571443,-3.1870866433571443,-3.1870866433571443,-3.1870866433571443,-3.1870866433571443,-3.1870866433571443,-3.1870866433571443,-3.1870866433571443,-3.1870866433571443,-3.1870866433571443,-3.1870866433571443,-3.1870866433571443,-3.1870866433571443,-3.1870866433571443,-3.1870866433571443,-2.616508407459849,-2.7963124199767564,-3.1870866433571443,-2.8651100931067814,-2.959771415046228,-3.1870866433571443,-3.1870866433571443,-3.1870866433571443,-3.1870866433571443,-3.1870866433571443,-3.1870866433571443,-3.1870866433571443,-3.1870866433571443,-3.1870866433571443,-3.1870866433571443,-3.1870866433571443,-3.1870866433571443
74,-3.1870866433571443,-3.1870866433571443,-3.1870866433571443,-3.1870866433571443,-3.1870866433571443,-3.1870866433571443,-3.1870866433571443,-3.1870866433571443,-3.1870866433571443,-3.1870866433571443,-3.1870866433571443,-3.1870866433571443,-3.1870866433571443,-3.1870866433571443,-3.1870866433571443,-3.1870866433571443,-3.1870866433571443,-2.4316151921602867,-1.4457796472032614,-1.404500006002785,-1.3855976826103193,-1.2812852913286708,-1.382441553552799,-1.2829086807172165,-1.5469715501958772,-1.6887874958194837,-1.6201918568466323,-1.7755753854307046,-1.5824901156256823,-1.6609450666838523,-1.7418561061372697,-1.7469697851614554,-1.6618422555323267,-1.7853252914914783,-1.7952198045756873,-1.6956933377675505,-1.8178901742981504,-2.43789586176323,-2.365112735206773,-3.1870866433571443,-3.1870866433571443,-3.1870866433571443,-3.1870866433571443,-3.1870866433571443,-3.1870866433571443,-3.1870866433571443,-3.1870866433571443,-3.1870866433571443,-2.7217743546824695,-3.1870866433571443,-3.1870866433571443,-3.1870866433571443,-3.1870866433571443,-3.1870866433571443,-3.1870866433571443,-3.1870866433571443,-3.1870866433571443,-3.1870866433571443,-3.1870866433571443,-2.972486358528515,-3.1870866433571443,-3.1870866433571443,-3.1870866433571443
76,-2.3489857871173547,-2.151080169004601,-1.5141683028956168,-1.2071484357366091,-1.3164277187135591,-1.5291905695771009,-2.0107927480506147,-1.8538687849112183,-2.5281505445387653,-2.605717285590995,-2.2611190347088312,-2.8627773293341927,-2.958685581201079,-2.430267109876956,-1.6677123597421377,-3.1870866433571443,-3.1870866433571443,-3.1870866433571443,-1.453734507698296,-2.010101610827165,-2.260259636647819,-2.8294659978125187,-2.849187317584361,-2.6876660743676357,-2.832875703456907,-3.1870866433571443,-3.1870866433571443,-3.1870866433571443,-3.1870866433571443,-3.1870866433571443,-3.1870866433571443,-3.1870866433571443,-3.1870866433571443,-3.1870866433571443,-3.1870866433571443,-3.1870866433571443,-3.1870866433571443,-3.1870866433571443,-3.1870866433571443,-3.1870866433571443,-3.1870866433571443,-3.1870866433571443,-3.1870866433571443,-3.1870866433571443,-2.2821358500352726,-2.928785968217879,-2.576134365167326,-3.1870866433571443,-3.1870866433571443,-2.9863081339644557,-2.762276776582373,-2.9511387299851726,-3.1870866433571443,-3.1870866433571443,-3.1870866433571443,-3.1870866433571443,-3.1870866433571443,-3.1870866433571443,-3.1870866433571443,-2.9682260067800534,-2.6567205642556497,-2.5348202358784415,-3.1870866433571443
78,-3.1870866433571443,-3.1870866433571443,-3.1870866433571443,-3.1870866433571443,-3.1870866433571443,-2.989913913424108,-3.1870866433571443,-3.1870866433571443,-2.8807691014360035,-2.773486511214209,-2.8396387720487306,-2.9067160206861837,-2.489937150696539,-2.4321880239125613,-2.602778712895722,-3.1870866433571443,-2.5169092634508994,-2.1986680322302394,-2.2210173117538705,-2.5836336111268094,-2.4364709809414333,-2.321064556439914,-2.603312019228128,-2.4317145060161236,-2.355908895965502,-2.1328192281367673,-2.232155893997468,-2.1845662199330214,-2.286002899025104,-2.3308638364898657,-2.4839809533796924,-2.4618196570400355,-2.425558161492961,-2.4917989918352754,-2.601406209684094,-2.8409056005594517,-2.8030474289399736,-2.7296526348894776,-2.606432221251924,-3.1870866433571443,-2.131191990643986,-2.1744850518855015,-2.200944255491643,-2.336424827161652,-2.8841958413632347,-3.1870866433571443,-2.6412984260576504,-2.7166623942685777,-2.662362211586534,-2.889951743588122,-2.6164599571927227,-2.7454166076858075,-2.7932309017265564,-2.5685288881724464,-2.478201792143918,-2.5672374914605793,-2.815200062078059,-2.7486306616766822,-3.1870866433571443,-2.898814751910843,-3.1870866433571443,-2.6790543479585818,-2.8219606128325556
85,-1.7783100322110341,-1.5786204129718533,-1.7985421301120348,-1.7826186073072148,-2.096530030570884,-2.3094548502365004,-2.1027078333351334,-2.0878490999801835,-2.110668718959064,-2.0597714405742695,-2.576860494235611,-3.1870866433571443,-3.1870866433571443,-3.1870866433571443,-3.1870866433571443,-3.1870866433571443,-3.1870866433571443,-2.449978795533715,-2.161374257394387,-2.8200686733950597,-3.1870866433571443,-3.1870866433571443,-2.014192115650677,-2.5883973698876326,-3.1870866433571443,-3.1870866433571443,-3.1870866433571443,-3.1870866433571443,-3.1870866433571443,-3.1870866433571443,-3.1870866433571443,-3.1870866433571443,-3.1870866433571443,-3.1870866433571443,-3.1870866433571443,-3.1870866433571443,-3.1870866433571443,-3.1870866433571443,-3.1870866433571443,-3.1870866433571443,-3.1870866433571443,-3.1870866433571443,-3.1870866433571443,-3.1870866433571443,-3.1870866433571443,-3.1870866433571443,-3.1870866433571443,-2.878242350087195,-2.871712226667966,-3.1870866433571443,-3.1870866433571443,-3.1870866433571443,-3.1870866433571443,-3.1870866433571443,-3.1870866433571443,-3.1870866433571443,-3.1870866433571443,-3.1870866433571443,-2.949923390640805,-2.6233629206888915,-2.9702348591213186,-2.222434167685782,-1.9259424465750103
87,-3.1870866433571443,-3.1870866433571443,-3.1870866433571443,-3.1870866433571443,-3.1870866433571443,-2.223990160223403,-2.16734330160997,-1.5364510152057962,-1.5900361122529583,-1.6871568552787368,-1.768867582706182,-2.0722329127023023,-1.917720650088365,-1.680996161509372,-1.5501099738962072,-2.0228948287105903,-2.0562261151671697,-2.276711497307919,-2.6683728297519225,-2.604798971720064,-2.5487703673489532,-3.1870866433571443,-2.6498408262037474,-2.8713159024882566,-3.1870866433571443,-3.1870866433571443,-2.823205630168445,-3.1870866433571443,-3.1870866433571443,-2.92822678313025,-3.1870866433571443,-3.1870866433571443,-3.1870866433571443,-3.1870866433571443,-3.1870866433571443,-3.1870866433571443,-3.004782050900023,-2.871647658017378,-2.679142902068195,-3.1870866433571443,-3.1870866433571443,-3.1870866433571443,-3.1870866433571443,-2.9024908820947024,-2.609659644900531,-2.7743329437410336,-1.4731400978496147,-1.607328756962404,-3.1870866433571443,-3.1870866433571443,-2.5830177667552032,-2.524276336440853,-2.460210826894868,-2.666581991332932,-2.8752191109273557,-2.7760098802013764,-2.9019703129499788,-2.6591245145777616,-2.563563413818566,-1.9927193665254246,-2.259503915704019,-2.199710015452942,-3.1870866433571443
94,-3.1870866433571443,-2.5140293425744646,-3.1870866433571443,-2.245107251644526,-2.697408144501871,-3.1870866433571443,-2.997958338245873,-2.9790464150525895,-3.1870866433571443,-3.1870866433571443,-3.1870866433571443,-2.6281088141332036,-3.1870866433571443,-3.1870866433571443,-3.1870866433571443,-3.1870866433571443,-3.1870866433571443,-3.1870866433571443,-3.1870866433571443,-2.655996172760065,-3.1870866433571443,-2.6773476136676644,-3.1870866433571443,-3.1870866433571443,-3.1870866433571443,-3.1870866433571443,-3.1870866433571443,-3.1870866433571443,-3.1870866433571443,-2.192915798585718,-3.1870866433571443,-2.6795972392362293,-3.1870866433571443,-3.1870866433571443,-3.1870866433571443,-3.1870866433571443,-3.1870866433571443,-3.1870866433571443,-3.1870866433571443,-3.1870866433571443,-3.1870866433571443,-3.1870866433571443,-3.1870866433571443,-3.1870866433571443,-1.5451073627935812,-3.1870866433571443,-2.1012954188353445,-2.775383298806481,-2.206962400760749,-3.1870866433571443,-3.1870866433571443,-2.4959109657152485,-2.596463182649467,-3.1870866433571443,-2.751057330141344,-2.889327803054427,-2.1982929713924864,-2.4190690603572818,-2.7178018127112002,-2.6885588230932385,-2.4791829200388014,-2.5321012796901194,-3.1870866433571443
100,-1.9081406038535222,-1.8214630355540915,-1.8295382761032817,-1.6893537524776179,-1.689963445462726,-2.280214102879776,-2.7988883782565175,-2.6205057111089736,-2.9783339439222094,-2.9604392395168544,-3.1870866433571443,-3.1870866433571443,-3.1870866433571443,-3.1870866433571443,-3.1870866433571443,-3.1870866433571443,-3.1870866433571443,-3.1870866433571443,-2.395324581757335,-2.9115908981327014,-2.779993835396979,-2.1875278621035,-2.313775723891144,-2.2847793845425866,-2.2311197796354487,-2.06621169149094,-2.0652985772965415,-2.0489238974215453,-2.0040384769263433,-1.9498833300943659,-1.9095835517866149,-1.9937056296407438,-1.980398176643062,-2.2485425631544524,-2.1363995949617327,-2.351797589234502,-2.487212928236595,-3.1870866433571443,-3.1870866433571443,-3.1870866433571443,-2.7849482285177256,-3.1870866433571443,-3.1870866433571443,-3.1870866433571443,-3.1870866433571443,-3.1870866433571443,-3.1870866433571443,-3.1870866433571443,-2.6337876855988904,-3.1870866433571443,-2.8310914022968627,-2.9508357853070586,-3.1870866433571443,-3.1870866433571443,-3.1870866433571443,-2.780432266746557,-3.1870866433571443,-2.542850588556931,-2.7798401801750394,-2.9210544777605905,-3.1870866433571443,-2.7454687711922126,-2.658557089489569
111,-2.595686360416334,-3.1870866433571443,-3.1870866433571443,-3.1870866433571443,-2.8714439303481925,-2.8517219453473843,-3.1870866433571443,-2.8267647257477635,-3.1870866433571443,-3.1870866433571443,-3.1870866433571443,-3.1870866433571443,-3.1870866433571443,-3.1870866433571443,-2.832469577932299,-3.1870866433571443,-3.1870866433571443,-3.1870866433571443,-2.2177213504285778,-2.189142402540057,-2.1952894644929737,-2.905761607137451,-2.115033618343477,-1.802767085085179,-1.7957273680896502,-1.9299826210624995,-1.8721747218391351,-1.822785910039724,-1.8555615852257026,-2.0712493342881233,-2.0456132113207803,-2.086474435239373,-2.081141820882503,-2.1170174716424883,-2.050227301559975,-1.9808508382933452,-1.9732813609758078,-2.130665521146824,-2.353838670992728,-2.656994634285979,-2.0808657958939625,-1.9030298508416468,-1.9600656406920667,-1.9690837254601128,-2.177405094081499,-2.383761983222039,-3.1870866433571443,-2.3641908109202507,-3.1870866433571443,-3.1870866433571443,-3.1870866433571443,-3.1870866433571443,-3.1870866433571443,-3.1870866433571443,-3.1870866433571443,-3.1870866433571443,-3.1870866433571443,-3.1870866433571443,-3.1870866433571443,-2.9955708617520447,-3.1870866433571443,-3.1870866433571443,-3.1870866433571443
112,-2.3489159462763287,-1.9587190973449846,-1.9575828158852422,-2.9481106792901333,-3.1870866433571443,-3.1870866433571443,-3.1870866433571443,-2.7566022203107234,-2.5076205548075303,-2.3260510481079777,-3.1870866433571443,-3.1870866433571443,-3.1870866433571443,-3.1870866433571443,-3.1870866433571443,-3.1870866433571443,-3.1870866433571443,-3.1870866433571443,-2.5062418804908804,-2.893214985571996,-2.3046861035920845,-0.8224966375500804,-2.130745555938588,-2.7105868321874205,-3.1870866433571443,-3.1870866433571443,-3.1870866433571443,-3.1870866433571443,-3.1870866433571443,-3.1870866433571443,-3.1870866433571443,-3.1870866433571443,-3.1870866433571443,-3.1870866433571443,-3.1870866433571443,-3.1870866433571443,-3.1870866433571443,-3.1870866433571443,-3.1870866433571443,-3.1870866433571443,-3.1870866433571443,-3.1870866433571443,-3.1870866433571443,-3.1870866433571443,-3.1870866433571443,-2.3642445952238007,-1.887929063277539,-3.1870866433571443,-3.1870866433571443,-3.1870866433571443,-3.1870866433571443,-3.1870866433571443,-3.1870866433571443,-3.1870866433571443,-3.1870866433571443,-3.1870866433571443,-3.1870866433571443,-3.1870866433571443,-3.1870866433571443,-3.1870866433571443,-3.1870866433571443,-3.1870866433571443,-3.1870866433571443
116,-3.1870866433571443,-3.1870866433571443,-3.1870866433571443,-3.1870866433571443,-3.1870866433571443,-2.2551001782945916,-2.6510807842556785,-2.348389866839573,-2.3144392674373364,-2.4798369590202096,-2.3424931605237336,-3.1870866433571443,-2.390436072596772,-2.192929843854308,-2.1004587342004846,-2.634319811243224,-2.4737173374176638,-2.5427559657092162,-2.8517644143850176,-2.209757109895956,-1.9625053107553059,-3.1870866433571443,-2.144291099666555,-2.3211773790370556,-2.9399538195394297,-2.6446517884952545,-2.6470313676085575,-2.907027188838871,-2.994225305251296,-3.1870866433571443,-3.1870866433571443,-3.1870866433571443,-3.1870866433571443,-3.1870866433571443,-3.1870866433571443,-3.1870866433571443,-3.1870866433571443,-1.6140208007537222,-1.5852273073240626,-2.241756886042938,-1.7649525886719688,-1.7089971689655314,-1.7328289078793384,-1.5898441419629363,-1.6625136298735754,-1.6885248371117954,-2.1210285637031303,-1.9688542986704787,-2.8329362005248653,-3.1870866433571443,-3.1870866433571443,-3.1870866433571443,-3.1870866433571443,-3.1870866433571443,-3.1870866433571443,-3.1870866433571443,-2.4914093823743304,-2.6966076733429345,-2.1811080359658392,-2.5143254005919276,-3.1870866433571443,-3.1870866433571443,-2.116662770733355
118,-3.1870866433571443,-3.1870866433571443,-3.1870866433571443,-3.1870866433571443,-3.1870866433571443,-3.1870866433571443,-3.1870866433571443,-2.89406016396301,-3.1870866433571443,-3.1870866433571443,-3.1870866433571443,-3.1870866433571443,-3.1870866433571443,-3.1870866433571443,-3.1870866433571443,-3.1870866433571443,-3.1870866433571443,-3.1870866433571443,-2.454509031487704,-2.0718269838097565,-2.446609448496938,-3.1870866433571443,-1.8855488930821807,-1.9806159727027066,-1.3377343148226137,-1.614420824404047,-1.5307793489129524,-1.6089678861446504,-1.299964733590187,-1.2681307177426913,-1.2174544315602054,-1.11670788407506,-1.1793997977294557,-0.9604628801616837,-1.0091141473045198,-1.0845829753169554,-1.2228952711940217,-1.9925306520227788,-1.9590957332806016,-2.807328358832247,-3.1870866433571443,-3.1870866433571443,-2.882268349775219,-3.1870866433571443,-3.1870866433571443,-2.7423903089579884,-3.1870866433571443,-2.5824590372278693,-2.5960915185209688,-3.1870866433571443,-3.1870866433571443,-3.1870866433571443,-2.9627328542766764,-3.1870866433571443,-2.822568129696094,-3.1870866433571443,-3.1870866433571443,-2.9093755489466737,-2.9189787524885715,-3.1870866433571443,-3.1870866433571443,-2.1511442414286495,-2.9754706308264485
123,-3.1870866433571443,-3.1870866433571443,-3.1870866433571443,-3.1870866433571443,-3.1870866433571443,-3.1870866433571443,-3.1870866433571443,-3.1870866433571443,-3.1870866433571443,-3.1870866433571443,-3.1870866433571443,-3.1870866433571443,-3.1870866433571443,-3.1870866433571443,-3.1870866433571443,-3.1870866433571443,-3.1870866433571443,-3.1870866433571443,-3.1870866433571443,-3.1870866433571443,-3.1870866433571443,-3.1870866433571443,-2.8433363612331837,-2.774872834712513,-3.1870866433571443,-2.635476005295516,-2.9646943866390143,-2.9846079462577433,-3.1870866433571443,-3.1870866433571443,-3.1870866433571443,-3.1870866433571443,-3.1870866433571443,-3.1870866433571443,-3.1870866433571443,-3.1870866433571443,-3.1870866433571443,-2.226422058729936,-2.0101617827347424,-2.817169382733522,-2.413602982836606,-2.465549287244722,-2.1946419014793275,-2.2171412999968436,-2.1674234166163964,-2.0402310477943697,-2.474752126894159,-2.093024968072606,-3.1870866433571443,-3.1870866433571443,-3.1870866433571443,-3.1870866433571443,-3.1870866433571443,-3.1870866433571443,-2.4917928000644265,-3.1870866433571443,-2.3588976190276947,-3.1870866433571443,-2.3527235676728564,-2.645648360846166,-2.937942479970046,-3.1870866433571443,-1.9685127236348663
133,-3.1870866433571443,-3.1870866433571443,-1.8648565784368325,-2.311023665330086,-3.1870866433571443,-2.6799638729504065,-2.72616249521692,-2.758743085128118,-2.5845706123569054,-2.5125104986785938,-2.3805425635520425,-2.369340503853576,-2.473305706368285,-2.2379300477734634,-2.3890831677495323,-2.5601339304595,-2.525380250275155,-2.3699135963331743,-3.1870866433571443,-2.7426200816088406,-2.6128084683784945,-3.1870866433571443,-2.677114273441187,-2.8628407926984236,-3.1870866433571443,-3.1870866433571443,-3.1870866433571443,-3.1870866433571443,-3.1870866433571443,-3.1870866433571443,-3.1870866433571443,-3.1870866433571443,-3.1870866433571443,-3.1870866433571443,-3.1870866433571443,-3.1870866433571443,-3.1870866433571443,-3.1870866433571443,-3.1870866433571443,-3.1870866433571443,-2.4751632966691313,-2.337410636740222,-2.3581781548618928,-2.739271765670401,-3.1870866433571443,-3.1870866433571443,-3.1870866433571443,-3.1870866433571443,-3.1870866433571443,-3.1870866433571443,-3.1870866433571443,-3.1870866433571443,-3.1870866433571443,-3.1870866433571443,-3.1870866433571443,-3.1870866433571443,-3.1870866433571443,-3.1870866433571443,-3.1870866433571443,-3.1870866433571443,-3.1870866433571443,-3.1870866433571443,-3.1870866433571443
148,-2.460804994300972,-2.574842885718732,-2.33102918434498,-2.5385301776263614,-2.3477608608129743,-2.3340303041160455,-2.594355979363121,-2.3423149177027662,-2.3522290529032834,-2.358713537937084,-2.4091479764251766,-2.5644898946420756,-2.701999165259959,-2.7230891198984537,-2.8087527808486596,-3.1870866433571443,-2.726385999940666,-2.342427305415171,-2.467867485526221,-2.521798889435325,-2.63464209671715,-2.2776288963539946,-2.615962443869855,-2.6294575630110537,-2.945545190104941,-2.9979475108262332,-3.1870866433571443,-3.1870866433571443,-3.1870866433571443,-3.1870866433571443,-3.1870866433571443,-3.1870866433571443,-3.1870866433571443,-3.1870866433571443,-3.1870866433571443,-3.1870866433571443,-3.1870866433571443,-2.91066646775179,-2.5335893850541016,-3.1870866433571443,-1.7999812908975987,-1.8106635875116726,-1.9066879361568339,-2.0802743296087405,-2.5739556591007813,-2.9412552223476545,-2.6779563215373257,-3.1870866433571443,-3.1870866433571443,-3.1870866433571443,-3.1870866433571443,-3.1870866433571443,-3.1870866433571443,-3.1870866433571443,-3.1870866433571443,-3.1870866433571443,-3.1870866433571443,-3.1870866433571443,-3.1870866433571443,-3.1870866433571443,-3.1870866433571443,-3.1870866433571443,-3.1870866433571443
195,-3.1870866433571443,-3.1870866433571443,-3.1870866433571443,-3.1870866433571443,-3.1870866433571443,-3.1870866433571443,-3.1870866433571443,-3.1870866433571443,-3.1870866433571443,-3.1870866433571443,-3.1870866433571443,-3.1870866433571443,-3.1870866433571443,-3.1870866433571443,-3.1870866433571443,-3.1870866433571443,-3.1870866433571443,-3.1870866433571443,-3.1870866433571443,-3.1870866433571443,-3.1870866433571443,-3.1870866433571443,-3.1870866433571443,-2.8628407926984236,-2.602863440733012,-2.2403073208676325,-2.33067556697545,-2.1632869066148452,-2.1147390992346664,-2.171376330735647,-2.0113976005444574,-2.010417397584797,-1.8380844422982683,-1.7602425570561426,-1.597704912240792,-1.6015877032463852,-1.5326565553785072,-1.4806787858958916,-1.5012127590532545,-2.587996389152267,-2.700404015450718,-2.674800916445992,-2.5082958494764416,-2.0226032781387464,-2.1107936514645234,-2.0637230352122726,-2.1030949472028286,-2.181815038621261,-3.1870866433571443,-3.1870866433571443,-3.1870866433571443,-3.1870866433571443,-3.1870866433571443,-3.1870866433571443,-2.9010416054500383,-3.1870866433571443,-2.775988493511537,-2.9425601882829375,-2.9023659937145525,-2.8869238492551563,-2.991610157031424,-3.1870866433571443,-3.1870866433571443
203,-2.7001654692927963,-3.1870866433571443,-3.1870866433571443,-3.1870866433571443,-2.489038236044684,-2.3157015892453607,-2.4128428465223437,-2.0375971418483276,-2.232863741812148,-2.5516774610575443,-2.683655585038304,-3.1870866433571443,-2.7852383257654743,-2.395866125509223,-2.3448412161426613,-2.743968295249377,-2.8291767671993897,-3.1870866433571443,-2.4778049171838687,-2.6825198876205927,-2.984238181199912,-2.976366681922045,-2.6350348196450994,-2.5752152645690076,-2.154460015397518,-2.7443472557881066,-2.2916095408362085,-2.5208088341436414,-2.291934623374011,-2.178257648501046,-2.205891110297417,-2.2172410249420627,-2.0350292807143515,-2.13290640906151,-2.1135391718545167,-2.178147768877878,-2.0539116296468,-2.8469187899379818,-2.5553214799851904,-3.1870866433571443,-2.7639659817250566,-2.4317866182722137,-2.924422400900769,-1.9914384484753835,-1.8936901118037224,-2.568974772129785,-2.425497639482558,-3.1870866433571443,-3.1870866433571443,-3.1870866433571443,-3.1870866433571443,-3.1870866433571443,-3.1870866433571443,-3.1870866433571443,-2.972312928534559,-3.1870866433571443,-2.939000019779357,-3.1870866433571443,-2.8286520284089303,-2.5779114517225943,-2.418883116431408,-2.4744241524937327,-3.1870866433571443
204,-3.1870866433571443,-3.1870866433571443,-3.1870866433571443,-3.1870866433571443,-3.1870866433571443,-3.1870866433571443,-3.1870866433571443,-2.9808316282335787,-2.8551540811654568,-2.714401312490156,-2.8694234926251116,-3.004552976019212,-2.466077157321148,-2.1255118658933756,-1.8408318964285517,-2.1499092107672344,-1.873150525009529,-2.402289681666113,-2.2089956191235243,-3.1870866433571443,-3.1870866433571443,-3.1870866433571443,-3.1870866433571443,-3.1870866433571443,-3.1870866433571443,-3.1870866433571443,-3.1870866433571443,-3.1870866433571443,-3.1870866433571443,-3.1870866433571443,-3.1870866433571443,-3.1870866433571443,-3.1870866433571443,-3.1870866433571443,-3.1870866433571443,-3.1870866433571443,-3.1870866433571443,-3.1870866433571443,-3.1870866433571443,-3.1870866433571443,-2.341969816872077,-2.1460867578725478,-2.1450219848556125,-2.5005808216506145,-2.790129028347288,-3.1870866433571443,-3.1870866433571443,-3.1870866433571443,-3.1870866433571443,-3.1870866433571443,-3.1870866433571443,-3.1870866433571443,-3.1870866433571443,-3.1870866433571443,-3.1870866433571443,-3.1870866433571443,-3.1870866433571443,-2.9484012251246177,-3.1870866433571443,-2.803954412437447,-2.717617454700902,-2.570859015168245,-2.9891467325482783
283,-3.1870866433571443,-3.1870866433571443,-3.1870866433571443,-3.1870866433571443,-3.1870866433571443,-3.1870866433571443,-3.1870866433571443,-3.1870866433571443,-3.1870866433571443,-3.1870866433571443,-3.1870866433571443,-3.1870866433571443,-3.1870866433571443,-3.1870866433571443,-3.1870866433571443,-3.1870866433571443,-3.1870866433571443,-3.1870866433571443,-3.1870866433571443,-3.1870866433571443,-2.9825037993572656,-3.1870866433571443,-3.1870866433571443,-2.933799097777408,-3.1870866433571443,-3.1870866433571443,-2.9181903237452764,-2.611455170400135,-2.3989068408905703,-2.415437788938922,-2.255427121693054,-2.1417079083208996,-2.3796661162418817,-2.1240611807623386,-2.194650197268676,-2.2374166544557856,-2.7228633596176572,-2.748401413532266,-2.5689583933967906,-1.4987397185077704,-1.627378177335974,-1.7007299800418347,-1.5651741795014509,-2.1326004226467363,-1.6879260909963438,-1.315830278624974,-2.0392384347296884,-2.0271319756427806,-3.1870866433571443,-3.1870866433571443,-3.1870866433571443,-3.1870866433571443,-3.1870866433571443,-3.1870866433571443,-3.1870866433571443,-3.1870866433571443,-2.884240881601052,-3.1870866433571443,-2.878520328513714,-3.1870866433571443,-3.1870866433571443,-3.1870866433571443,-3.1870866433571443
661,-3.1870866433571443,-2.37849942758425,-2.098726759688334,-2.8247612612321125,-3.1870866433571443,-3.1870866433571443,-3.1870866433571443,-3.1870866433571443,-2.823343093194285,-2.517894357952949,-3.1870866433571443,-3.1870866433571443,-3.1870866433571443,-3.1870866433571443,-3.1870866433571443,-3.1870866433571443,-3.1870866433571443,-3.1870866433571443,-3.1870866433571443,-3.1870866433571443,-2.5583701935378884,-0.7280940158411652,-2.781109613901347,-3.1870866433571443,-3.1870866433571443,-3.1870866433571443,-3.1870866433571443,-3.1870866433571443,-3.1870866433571443,-3.1870866433571443,-3.1870866433571443,-3.1870866433571443,-3.1870866433571443,-3.1870866433571443,-3.1870866433571443,-3.1870866433571443,-3.1870866433571443,-3.1870866433571443,-3.1870866433571443,-3.1870866433571443,-3.1870866433571443,-3.1870866433571443,-3.1870866433571443,-3.1870866433571443,-3.1870866433571443,-3.1870866433571443,-3.1870866433571443,-3.1870866433571443,-3.1870866433571443,-3.1870866433571443,-3.1870866433571443,-3.1870866433571443,-3.1870866433571443,-3.1870866433571443,-3.1870866433571443,-3.1870866433571443,-3.1870866433571443,-3.1870866433571443,-3.1870866433571443,-3.1870866433571443,-3.1870866433571443,-3.1870866433571443,-3.1870866433571443
662,-2.5782603069406047,-2.0035565020315156,-2.109478065120639,-3.1870866433571443,-3.1870866433571443,-3.1870866433571443,-3.1870866433571443,-2.984424221496378,-2.7237137962717237,-2.4504656022163274,-3.1870866433571443,-3.1870866433571443,-3.1870866433571443,-3.1870866433571443,-3.1870866433571443,-3.1870866433571443,-3.1870866433571443,-3.1870866433571443,-3.1870866433571443,-3.1870866433571443,-2.5121622972887145,-0.9550522831253256,-2.454451582062896,-2.922448951243016,-3.1870866433571443,-3.1870866433571443,-3.1870866433571443,-3.1870866433571443,-3.1870866433571443,-3.1870866433571443,-3.1870866433571443,-3.1870866433571443,-3.1870866433571443,-3.1870866433571443,-3.1870866433571443,-3.1870866433571443,-3.1870866433571443,-3.1870866433571443,-3.1870866433571443,-3.1870866433571443,-3.1870866433571443,-3.1870866433571443,-3.1870866433571443,-3.1870866433571443,-3.1870866433571443,-3.1870866433571443,-3.1870866433571443,-3.1870866433571443,-3.1870866433571443,-3.1870866433571443,-3.1870866433571443,-3.1870866433571443,-3.1870866433571443,-3.1870866433571443,-3.1870866433571443,-3.1870866433571443,-3.1870866433571443,-3.1870866433571443,-3.1870866433571443,-3.1870866433571443,-3.1870866433571443,-3.1870866433571443,-3.1870866433571443
663,-3.1870866433571443,-3.1870866433571443,-3.1870866433571443,-3.1870866433571443,-3.1870866433571443,-3.1870866433571443,-3.1870866433571443,-3.1870866433571443,-3.1870866433571443,-3.1870866433571443,-3.1870866433571443,-3.1870866433571443,-3.1870866433571443,-3.1870866433571443,-3.1870866433571443,-3.1870866433571443,-3.1870866433571443,-3.1870866433571443,-3.1870866433571443,-2.7232935836950327,-3.1870866433571443,-2.0314130688362684,-2.6511294055595314,-2.3899621325102247,-2.482319792713993,-2.3237730918794286,-2.4173217197192955,-2.341964448802361,-2.651847951215388,-2.841594925874854,-3.1870866433571443,-2.854478519157073,-2.816894617256737,-2.7389197713361226,-3.1870866433571443,-3.1870866433571443,-3.1870866433571443,-2.9238513892576634,-3.1870866433571443,-3.1870866433571443,-2.0926140266746365,-1.973632578911491,-2.12688660150786,-2.4374488403761223,-3.1870866433571443,-3.1870866433571443,-3.1870866433571443,-3.1870866433571443,-3.1870866433571443,-3.1870866433571443,-3.1870866433571443,-3.1870866433571443,-2.75750731458291,-2.9141640288451836,-2.8417871049022194,-3.1870866433571443,-3.1870866433571443,-3.1870866433571443,-3.1870866433571443,-3.1870866433571443,-3.1870866433571443,-3.1870866433571443,-2.813503718995136
664,-3.1870866433571443,-3.1870866433571443,-3.1870866433571443,-3.1870866433571443,-3.1870866433571443,-3.1870866433571443,-3.1870866433571443,-3.1870866433571443,-3.1870866433571443,-3.1870866433571443,-3.1870866433571443,-3.1870866433571443,-3.1870866433571443,-3.1870866433571443,-3.1870866433571443,-2.621102748840704,-2.312848804385451,-1.7020850922826531,-1.5737426614651888,-1.897129611077235,-2.011111372845972,-2.2362150952670166,-3.1870866433571443,-3.1870866433571443,-3.1870866433571443,-3.1870866433571443,-3.1870866433571443,-3.1870866433571443,-3.1870866433571443,-3.1870866433571443,-3.1870866433571443,-3.1870866433571443,-3.1870866433571443,-3.1870866433571443,-3.1870866433571443,-3.1870866433571443,-3.1870866433571443,-3.1870866433571443,-3.1870866433571443,-3.1870866433571443,-3.1870866433571443,-3.1870866433571443,-3.1870866433571443,-3.1870866433571443,-3.1870866433571443,-3.1870866433571443,-3.1870866433571443,-3.1870866433571443,-3.1870866433571443,-3.1870866433571443,-3.1870866433571443,-3.1870866433571443,-3.1870866433571443,-3.1870866433571443,-2.4457598485115573,-2.3258493829172737,-2.212285706751667,-2.2807130603542194,-2.2939358641719103,-2.398330956752699,-2.9830886826035354,-3.1870866433571443,-3.1870866433571443
665,-3.1870866433571443,-3.1870866433571443,-3.1870866433571443,-3.1870866433571443,-2.681455846317906,-2.7502643045886073,-3.1870866433571443,-3.1870866433571443,-3.1870866433571443,-3.1870866433571443,-3.1870866433571443,-3.1870866433571443,-3.1870866433571443,-3.1870866433571443,-3.1870866433571443,-2.8863660192656027,-2.6559388413609897,-2.4700744077972487,-2.538046186119662,-2.1178094060972796,-1.9702508767010898,-2.560713441865073,-2.2722664872012364,-1.9533697270730428,-2.022113709767349,-1.9584599040093313,-1.9973178836682826,-1.86419412821402,-1.9037869794797773,-2.0113172683304925,-1.9747787903622156,-1.87716142911168,-1.8538185775226388,-1.8694812089118373,-1.8072343738374237,-1.804049700703165,-1.8276831150698933,-2.5638823723467565,-3.1870866433571443,-3.1870866433571443,-3.1870866433571443,-3.1870866433571443,-3.1870866433571443,-3.1870866433571443,-3.1870866433571443,-3.1870866433571443,-3.1870866433571443,-3.1870866433571443,-3.1870866433571443,-3.1870866433571443,-3.1870866433571443,-3.1870866433571443,-3.1870866433571443,-3.1870866433571443,-3.1870866433571443,-3.1870866433571443,-3.1870866433571443,-3.1870866433571443,-3.1870866433571443,-3.1870866433571443,-3.1870866433571443,-3.1870866433571443,-3.1870866433571443
671,-2.7617785291785144,-2.8428851489340485,-2.404548216403126,-2.2453844861693746,-2.130064702416665,-2.311952999944802,-2.5428219389132964,-2.7666840138629127,-3.1870866433571443,-3.1870866433571443,-3.1870866433571443,-3.1870866433571443,-3.1870866433571443,-3.1870866433571443,-3.1870866433571443,-3.1870866433571443,-3.1870866433571443,-2.7178639625763683,-1.8586729271720865,-2.1342997395473775,-1.9641554680842943,-2.7064704513724362,-2.2090244919541724,-2.2552840923680724,-1.7494590659534304,-2.0693954281789706,-2.014236238080038,-2.003661018660795,-1.9836651813260442,-1.9586617337939063,-2.0817628911671218,-2.3023446719198013,-2.2498016901862403,-2.257008741993059,-2.1379556631134893,-2.181105688009888,-2.03797369465099,-3.1870866433571443,-3.1870866433571443,-3.1870866433571443,-3.1870866433571443,-3.1870866433571443,-3.1870866433571443,-2.954519049652616,-2.701942806803092,-2.790552218452013,-3.1870866433571443,-3.1870866433571443,-3.1870866433571443,-3.1870866433571443,-3.1870866433571443,-3.1870866433571443,-3.1870866433571443,-3.1870866433571443,-3.1870866433571443,-3.1870866433571443,-3.1870866433571443,-3.1870866433571443,-3.1870866433571443,-3.1870866433571443,-3.1870866433571443,-3.1870866433571443,-3.1870866433571443
688,-3.1870866433571443,-3.1870866433571443,-3.1870866433571443,-3.1870866433571443,-3.1870866433571443,-3.1870866433571443,-3.1870866433571443,-3.1870866433571443,-3.1870866433571443,-3.1870866433571443,-2.7319044993682504,-2.7956076531898892,-2.9559681015054236,-2.80007700667613,-2.19398120643517,-3.1870866433571443,-3.1870866433571443,-3.1870866433571443,-3.1870866433571443,-2.965075627826953,-3.1870866433571443,-3.1870866433571443,-2.8888109974905793,-3.1870866433571443,-2.3936095895185026,-2.5114977424213403,-2.268769814350825,-2.5402416563060948,-2.416209266442363,-2.2206087264603895,-2.3268868060001924,-2.4422114969199153,-2.3188020205358923,-2.4098319754651065,-2.407328601589177,-2.3069081622548997,-2.437818596688632,-2.788517131154528,-2.914030647205496,-3.1870866433571443,-2.6177452909916936,-2.4812875351298964,-2.4129902112002553,-3.1870866433571443,-3.1870866433571443,-3.1870866433571443,-2.5830175906061763,-3.1870866433571443,-3.1870866433571443,-3.1870866433571443,-3.1870866433571443,-3.1870866433571443,-3.1870866433571443,-2.8991979174927214,-3.1870866433571443,-3.1870866433571443,-3.1870866433571443,-3.1870866433571443,-3.1870866433571443,-3.1870866433571443,-3.1870866433571443,-3.1870866433571443,-3.1870866433571443
1391,-2.6758332076658564,-2.7216625327951953,-2.625364514599336,-2.8969221781334342,-2.499961613019321,-2.5270709889388185,-3.1870866433571443,-2.345342287745976,-2.3617550146755653,-2.332661249878222,-2.5142087010484944,-2.884278861821394,-2.362199174723998,-2.0436773096892273,-2.129788450062868,-2.5657469744933863,-2.0956186920561866,-2.4719696863884204,-3.1870866433571443,-3.1870866433571443,-3.1870866433571443,-3.1870866433571443,-3.1870866433571443,-3.1870866433571443,-3.1870866433571443,-3.1870866433571443,-3.1870866433571443,-3.1870866433571443,-3.1870866433571443,-3.1870866433571443,-3.1870866433571443,-3.1870866433571443,-3.1870866433571443,-3.1870866433571443,-3.1870866433571443,-3.1870866433571443,-3.1870866433571443,-3.1870866433571443,-3.1870866433571443,-3.1870866433571443,-2.8917666482100883,-3.1870866433571443,-3.1870866433571443,-3.1870866433571443,-3.1870866433571443,-3.1870866433571443,-3.1870866433571443,-3.1870866433571443,-3.1870866433571443,-3.1870866433571443,-3.1870866433571443,-3.1870866433571443,-3.1870866433571443,-3.1870866433571443,-3.1870866433571443,-3.1870866433571443,-3.1870866433571443,-3.1870866433571443,-3.1870866433571443,-2.2087235093458255,-2.495853000763487,-2.21915042171287,-3.1870866433571443
2356,-3.1870866433571443,-3.1870866433571443,-3.1870866433571443,-3.1870866433571443,-3.1870866433571443,-3.1870866433571443,-3.1870866433571443,-3.1870866433571443,-3.1870866433571443,-3.1870866433571443,-3.1870866433571443,-3.1870866433571443,-3.1870866433571443,-3.1870866433571443,-3.1870866433571443,-3.1870866433571443,-3.1870866433571443,-3.1870866433571443,-3.1870866433571443,-3.1870866433571443,-3.1870866433571443,-3.1870866433571443,-3.1870866433571443,-3.1870866433571443,-3.1870866433571443,-3.1870866433571443,-3.1870866433571443,-3.1870866433571443,-3.1870866433571443,-3.1870866433571443,-3.1870866433571443,-3.1870866433571443,-3.1870866433571443,-3.1870866433571443,-3.1870866433571443,-3.1870866433571443,-3.1870866433571443,-2.330003936114207,-2.5655088115218048,-0.5575786626383289,-2.0298237093672373,-2.5406917511893163,-2.3541216505774134,-3.1870866433571443,-2.980550270322351,-2.401646548201564,-3.1870866433571443,-2.5099884787054902,-3.1870866433571443,-3.1870866433571443,-3.1870866433571443,-3.1870866433571443,-3.1870866433571443,-3.1870866433571443,-3.1870866433571443,-3.1870866433571443,-3.1870866433571443,-3.1870866433571443,-3.1870866433571443,-3.1870866433571443,-3.1870866433571443,-3.1870866433571443,-2.891967994140195
Other,-1.0435090964342537,-1.123312761543514,-0.8653186024342062,-0.8482112767781322,-0.8907999480603553,-0.8517839665316482,-0.948078950094052,-0.8930598542803013,-0.9779307893631062,-0.8983393319768389,-0.8360713480389279,-0.8095622767111499,-0.7679016865070011,-0.6983027458734953,-0.6230076829307302,-0.7136760981304969,-0.6402592997337414,-0.6917224697957594,-0.7030286571143806,-0.6136389109919336,-0.6531038931587185,-0.920746566205133,-0.6091170651423731,-0.6178781973202737,-0.8548519679150949,-0.8210605560709934,-0.7748390802562485,-0.8591490447096598,-0.7989085426871883,-0.8399660460203358,-1.0484256300636658,-0.996849238658442,-1.11686187437734,-1.0541684299282277,-0.9309969806042517,-0.9679961803924944,-1.008184332350503,-0.8206541318520946,-0.8193211313997354,-0.7605036623282022,-0.5508792021241853,-0.5138807750834113,-0.5153496628558791,-0.7612938864744986,-0.7225768278861708,-0.5983972974778348,-0.651525970770127,-0.7744542473241436,-0.7973402585533567,-0.8740013299638074,-0.9308635293134326,-0.859589982207047,-0.7696793352031941,-0.8147029190027619,-0.8346909404197876,-0.8244745896856422,-0.7183899512147233,-0.5968425238158355,-0.676095303910187,-0.7106182311973126,-0.7254990363164916,-0.8927240224568207,-0.6565176111838177
